# Blender 5.0.1
# www.blender.org
o Cube.015
v -91.039467 10.621024 -14.572550
v -91.039467 10.621023 4.156871
v -91.039467 12.621024 -14.572550
v -91.039467 12.621023 4.156871
v -43.443626 10.621024 -14.572550
v -43.443626 10.621023 4.156871
v -43.443626 12.621024 -14.572550
v -43.443626 12.621023 4.156871
v -121.366852 0.448856 121.607262
v -96.486710 0.707505 127.531433
v -70.276955 -0.955111 125.201721
v -51.744499 -0.422686 118.366364
v -27.679871 -1.846753 119.603722
v -3.208496 2.818036 123.802948
v 21.991333 -3.137218 121.453369
v 48.315536 0.052282 121.702225
v 74.264084 2.744422 123.216858
v 97.657547 -0.385188 121.213692
v 123.592331 -0.622589 127.853241
v -121.728821 -0.560598 97.882492
v -97.806030 -0.092985 97.638435
v -72.579338 0.047723 98.411652
v -49.807468 -1.068933 95.472977
v -24.025936 -3.178944 100.753853
v 0.277153 -2.086184 101.451576
v 26.713089 0.644250 98.793732
v 46.106155 0.990168 96.549431
v 70.693100 0.489656 100.575516
v 99.571411 0.644368 95.526871
v 118.052353 -3.592425 96.292648
v -122.704956 1.544565 72.599808
v -96.236526 -1.669386 73.718521
v -69.129257 0.786482 77.952713
v -49.180847 0.644753 73.738937
v -24.263386 0.305509 73.324623
v -3.602062 2.520485 75.018631
v 23.824722 1.374324 73.618805
v 51.267487 -0.572155 74.546417
v 73.262726 0.081128 73.442017
v 95.365387 -0.460502 76.212524
v 124.444138 -3.383929 72.489891
v -118.862091 1.656794 45.723915
v -98.107925 -1.357501 49.805557
v -72.578415 0.880434 46.901924
v -48.498024 -0.549733 49.494938
v -27.672497 -1.059238 49.430168
v -0.291458 -1.304202 51.121166
v 24.421051 0.001241 48.858002
v 52.430237 2.590633 45.163383
v 73.342072 -0.000002 48.937794
v 99.690491 -3.664456 51.312706
v 126.205292 0.650966 45.931335
v -118.270554 2.152486 26.946373
v -95.676445 2.070814 24.927361
v -76.445129 -0.155522 22.630798
v -51.185600 2.599786 25.823942
v -24.390160 1.168248 24.368162
v 4.072540 1.473927 24.783478
v 26.639130 1.056213 27.716038
v 48.127808 3.370173 23.131403
v 75.745392 -2.865529 27.277493
v 101.512970 -0.507266 24.876137
v 122.258438 -0.328552 18.865540
v -122.482025 3.048259 3.929752
v -97.536919 -0.032241 0.828319
v -76.260239 0.360045 -1.089622
v -49.050026 -0.062285 -0.094768
v -25.393520 -2.523243 1.888512
v -0.107697 -1.632394 3.200356
v 28.192711 3.670384 -1.900443
v 52.228844 -0.665110 -0.039078
v 75.344681 -3.363050 -0.273427
v 101.989532 1.028553 1.976665
v 119.436676 -0.495270 -2.159369
v -121.851357 -0.398688 -25.562996
v -95.699028 -0.822812 -27.640625
v -72.333878 1.466096 -26.577869
v -45.963028 -0.175985 -28.010139
v -21.949909 -1.715166 -26.882975
v 0.094360 -3.633946 -21.022902
v 26.570213 0.227028 -25.575745
v 49.437279 0.496709 -22.155811
v 71.337769 1.436496 -23.769592
v 97.360916 -0.085648 -29.090891
v 118.955994 -0.054618 -24.600227
v -124.074821 3.741866 -51.130749
v -100.363953 0.599866 -46.680222
v -72.744797 0.958132 -51.378613
v -47.835754 -1.558695 -44.443047
v -24.111370 0.376310 -48.718143
v 5.509277 1.205770 -51.322586
v 25.055428 0.155274 -49.174206
v 46.547241 -1.557762 -46.898060
v 67.984497 0.704556 -46.187553
v 97.887039 -1.851435 -50.796143
v 126.324142 0.600788 -44.048519
v -121.439301 0.694167 -71.813019
v -95.369415 0.478140 -75.286469
v -74.060669 0.331326 -72.765579
v -47.465237 -0.639647 -78.729141
v -24.213860 0.359118 -74.351654
v -1.412537 -0.769958 -73.354065
v 24.577164 -0.151905 -74.992218
v 48.856537 0.470045 -71.471565
v 73.552689 -0.546953 -68.899765
v 96.153580 -0.527832 -71.370438
v 120.992050 2.240531 -71.578781
v -121.596001 -4.796486 -98.760292
v -99.280350 1.799677 -94.588409
v -69.913002 2.069683 -95.131538
v -49.961517 0.312829 -96.946960
v -20.957138 -0.882055 -99.377037
v -1.549301 -0.368741 -97.878380
v 24.637627 -1.112657 -100.646240
v 47.637688 2.770166 -95.447739
v 73.104904 0.153282 -97.629021
v 97.344223 -0.915345 -97.776985
v 120.069824 -1.966479 -95.989494
v -118.485710 -1.307110 -121.128433
v -93.419464 1.095247 -124.128281
v -74.002899 0.353216 -122.236824
v -50.718128 -2.891091 -119.881721
v -23.936134 0.864027 -119.870789
v 0.763809 -1.715868 -118.208168
v 25.102226 -0.314634 -122.524765
v 48.062820 -0.681451 -121.407608
v 69.755630 0.314535 -120.551788
v 98.026901 -0.564136 -121.868607
v 121.751465 0.106004 -123.039536
v 70.352448 18.249994 22.156601
v 70.096359 18.249994 22.474060
v 69.693390 18.249994 22.411015
v 69.546509 18.249996 22.030512
v 69.802597 18.249996 21.713053
v 70.205566 18.249996 21.776098
v 69.313477 21.486488 21.994057
v 69.095871 21.366619 22.317535
v 68.769867 21.126877 22.266531
v 68.661469 21.007008 21.892048
v 68.879074 21.126877 21.568569
v 69.205078 21.366619 21.619574
v 66.593445 23.486752 21.568506
v 66.476578 23.292797 21.907747
v 66.352066 22.904888 21.888266
v 66.344391 22.710936 21.529543
v 66.461258 22.904888 21.190304
v 66.585785 23.292797 21.209785
v 63.231293 23.486752 21.042500
v 63.238953 23.292797 21.401222
v 63.363480 22.904888 21.420704
v 63.480331 22.710936 21.081463
v 63.472672 22.904888 20.722740
v 63.348145 23.292797 20.703260
v 60.511246 21.486488 20.616951
v 60.619652 21.366615 20.991434
v 60.945663 21.126877 21.042439
v 61.163269 21.007008 20.718960
v 61.054855 21.126877 20.344475
v 60.728851 21.366615 20.293472
v 59.472282 18.249996 20.454407
v 59.619171 18.249996 20.834909
v 60.022141 18.249996 20.897953
v 60.278221 18.249996 20.580494
v 60.131340 18.249996 20.199991
v 59.728371 18.249996 20.136946
v 60.511246 15.013503 20.616951
v 60.619652 15.133373 20.991434
v 60.945663 15.373114 21.042439
v 61.163269 15.492984 20.718960
v 61.054855 15.373114 20.344475
v 60.728851 15.133373 20.293472
v 63.231293 13.013239 21.042500
v 63.238953 13.207193 21.401222
v 63.363480 13.595101 21.420704
v 63.480331 13.789055 21.081463
v 63.472672 13.595101 20.722740
v 63.348145 13.207193 20.703260
v 66.593445 13.013239 21.568506
v 66.476578 13.207193 21.907747
v 66.352066 13.595101 21.888266
v 66.344391 13.789055 21.529543
v 66.461258 13.595101 21.190304
v 66.585785 13.207193 21.209785
v 69.313477 15.013499 21.994057
v 69.095871 15.133369 22.317535
v 68.769867 15.373110 22.266531
v 68.661469 15.492980 21.892048
v 68.879074 15.373110 21.568569
v 69.205078 15.133369 21.619574
v 69.454437 18.249996 31.735462
v 69.198349 18.249996 32.052921
v 68.795380 18.249996 31.989876
v 68.648499 18.249996 31.609375
v 68.904572 18.249996 31.291916
v 69.307541 18.249996 31.354961
v 68.415466 21.486488 31.572918
v 68.197861 21.366617 31.896397
v 67.871857 21.126877 31.845394
v 67.763443 21.007008 31.470909
v 67.981049 21.126877 31.147430
v 68.307068 21.366617 31.198437
v 65.695435 23.486752 31.147369
v 65.578568 23.292797 31.486610
v 65.454056 22.904888 31.467129
v 65.446381 22.710936 31.108406
v 65.563232 22.904888 30.769165
v 65.687775 23.292797 30.788647
v 62.333282 23.486752 30.621361
v 62.340942 23.292797 30.980083
v 62.465469 22.904888 30.999565
v 62.582321 22.710936 30.660324
v 62.574661 22.904888 30.301605
v 62.450134 23.292797 30.282124
v 59.613235 21.486486 30.195812
v 59.721642 21.366615 30.570297
v 60.047646 21.126877 30.621300
v 60.265251 21.007006 30.297821
v 60.156845 21.126877 29.923340
v 59.830841 21.366615 29.872334
v 58.574272 18.249996 30.033268
v 58.721153 18.249996 30.413773
v 59.124123 18.249996 30.476814
v 59.380211 18.249996 30.159355
v 59.233322 18.249996 29.778854
v 58.830353 18.249996 29.715809
v 59.613235 15.013503 30.195812
v 59.721642 15.133373 30.570297
v 60.047646 15.373114 30.621300
v 60.265251 15.492984 30.297821
v 60.156845 15.373114 29.923340
v 59.830841 15.133373 29.872334
v 62.333282 13.013239 30.621361
v 62.340942 13.207193 30.980083
v 62.465469 13.595101 30.999565
v 62.582321 13.789055 30.660324
v 62.574661 13.595101 30.301605
v 62.450134 13.207193 30.282124
v 65.695435 13.013239 31.147369
v 65.578568 13.207193 31.486610
v 65.454056 13.595101 31.467129
v 65.446381 13.789055 31.108406
v 65.563232 13.595101 30.769165
v 65.687775 13.207193 30.788647
v 68.415466 15.013499 31.572918
v 68.197861 15.133369 31.896397
v 67.871857 15.373110 31.845394
v 67.763443 15.492980 31.470909
v 67.981049 15.373110 31.147430
v 68.307068 15.133369 31.198437
v 66.967484 18.249996 40.577095
v 66.685303 18.249996 40.871597
v 66.289169 18.249996 40.774471
v 66.175217 18.249996 40.382843
v 66.457397 18.249996 40.088341
v 66.853531 18.249996 40.185471
v 65.946136 21.486488 40.326675
v 65.701782 21.366619 40.630451
v 65.381302 21.126877 40.551872
v 65.305176 21.007008 40.169518
v 65.549530 21.126877 39.865742
v 65.870010 21.366619 39.944321
v 63.272217 23.486752 39.671059
v 63.126892 23.292797 39.999115
v 63.004486 22.904888 39.969105
v 63.027390 22.710936 39.611034
v 63.172714 22.904888 39.282974
v 63.295120 23.292797 39.312988
v 59.967072 23.486752 38.860680
v 59.944160 23.292797 39.218750
v 60.066566 22.904888 39.248760
v 60.211884 22.710936 38.920704
v 60.234795 22.904888 38.562634
v 60.112389 23.292797 38.532619
v 57.293137 21.486488 38.205063
v 57.369263 21.366617 38.587418
v 57.689751 21.126877 38.665997
v 57.934097 21.007008 38.362221
v 57.857979 21.126877 37.979866
v 57.537498 21.366617 37.901287
v 56.271790 18.249996 37.954639
v 56.385750 18.249996 38.346268
v 56.781883 18.249996 38.443398
v 57.064072 18.249996 38.148895
v 56.950111 18.249996 37.757267
v 56.553978 18.249996 37.660141
v 57.293137 15.013503 38.205063
v 57.369263 15.133373 38.587418
v 57.689751 15.373114 38.665997
v 57.934097 15.492984 38.362221
v 57.857979 15.373114 37.979866
v 57.537498 15.133373 37.901287
v 59.967072 13.013239 38.860680
v 59.944160 13.207193 39.218750
v 60.066566 13.595101 39.248760
v 60.211884 13.789055 38.920704
v 60.234795 13.595101 38.562634
v 60.112389 13.207193 38.532619
v 63.272217 13.013239 39.671059
v 63.126892 13.207193 39.999115
v 63.004486 13.595101 39.969105
v 63.027390 13.789055 39.611034
v 63.172714 13.595101 39.282974
v 63.295120 13.207193 39.312988
v 65.946136 15.013500 40.326675
v 65.701782 15.133370 40.630451
v 65.381302 15.373110 40.551872
v 65.305176 15.492981 40.169518
v 65.549530 15.373110 39.865742
v 65.870010 15.133370 39.944321
v 62.042969 18.249994 50.050217
v 61.669281 18.249994 50.213654
v 61.340881 18.249994 49.971752
v 61.386185 18.249994 49.566402
v 61.759872 18.249994 49.402962
v 62.088272 18.249994 49.644871
v 61.196289 21.486488 49.426517
v 60.853958 21.366617 49.613056
v 60.588280 21.126877 49.417351
v 60.664940 21.007008 49.035103
v 61.007263 21.126877 48.848564
v 61.272949 21.366619 49.044273
v 58.979660 23.486752 47.793652
v 58.719421 23.292797 48.040672
v 58.617950 22.904888 47.965919
v 58.776703 22.710936 47.644150
v 59.036942 22.904888 47.397129
v 59.138412 23.292797 47.471882
v 56.239746 23.486752 45.775326
v 56.080994 23.292797 46.097099
v 56.182465 22.904888 46.171848
v 56.442703 22.710936 45.924831
v 56.601456 22.904888 45.603058
v 56.499985 23.292797 45.528309
v 54.023117 21.486488 44.142464
v 53.946449 21.366617 44.524708
v 54.212135 21.126877 44.720417
v 54.554459 21.007008 44.533875
v 54.631111 21.126877 44.151630
v 54.365440 21.366617 43.955921
v 53.176437 18.249996 43.518764
v 53.131134 18.249996 43.924110
v 53.459526 18.249996 44.166016
v 53.833221 18.249996 44.002579
v 53.878525 18.249996 43.597229
v 53.550133 18.249996 43.355324
v 54.023117 15.013503 44.142464
v 53.946449 15.133373 44.524708
v 54.212135 15.373114 44.720417
v 54.554459 15.492984 44.533875
v 54.631111 15.373114 44.151630
v 54.365440 15.133373 43.955921
v 56.239746 13.013239 45.775326
v 56.080994 13.207193 46.097099
v 56.182465 13.595101 46.171848
v 56.442703 13.789055 45.924831
v 56.601456 13.595101 45.603058
v 56.499985 13.207193 45.528309
v 58.979660 13.013239 47.793652
v 58.719421 13.207193 48.040672
v 58.617950 13.595101 47.965919
v 58.776703 13.789055 47.644150
v 59.036942 13.595101 47.397129
v 59.138412 13.207193 47.471882
v 61.196289 15.013499 49.426517
v 60.853958 15.133369 49.613056
v 60.588280 15.373110 49.417351
v 60.664940 15.492980 49.035103
v 61.007263 15.373110 48.848564
v 61.272949 15.133369 49.044266
v 52.059357 18.249994 56.365974
v 51.651779 18.249994 56.350460
v 51.461433 18.249994 55.989735
v 51.678650 18.249994 55.644520
v 52.086227 18.249994 55.660034
v 52.276573 18.249994 56.020760
v 51.568581 21.486488 55.435921
v 51.179176 21.366619 55.454857
v 51.025177 21.126877 55.163021
v 51.260574 21.007008 54.852253
v 51.649971 21.126877 54.833321
v 51.803978 21.366619 55.125153
v 50.283699 23.486752 53.001015
v 49.941879 23.292797 53.110126
v 49.883064 22.904888 52.998657
v 50.166054 22.710934 52.778072
v 50.507858 22.904888 52.668957
v 50.566689 23.292797 52.780426
v 48.695488 23.486752 49.991299
v 48.412498 23.292797 50.211887
v 48.471329 22.904888 50.323357
v 48.813133 22.710934 50.214241
v 49.096123 22.904888 49.993656
v 49.037308 23.292797 49.882187
v 47.410606 21.486488 47.556393
v 47.175209 21.366617 47.867157
v 47.329208 21.126877 48.158993
v 47.718605 21.007008 48.140060
v 47.954002 21.126877 47.829292
v 47.800003 21.366617 47.537457
v 46.919830 18.249996 46.626339
v 46.702614 18.249996 46.971554
v 46.892960 18.249996 47.332279
v 47.300537 18.249996 47.347794
v 47.517754 18.249996 47.002579
v 47.327408 18.249996 46.641853
v 47.410606 15.013503 47.556393
v 47.175209 15.133373 47.867157
v 47.329208 15.373114 48.158993
v 47.718605 15.492984 48.140060
v 47.954002 15.373114 47.829292
v 47.800003 15.133373 47.537457
v 48.695488 13.013239 49.991299
v 48.412498 13.207193 50.211887
v 48.471329 13.595101 50.323357
v 48.813133 13.789055 50.214241
v 49.096123 13.595101 49.993656
v 49.037308 13.207193 49.882187
v 50.283699 13.013239 53.001015
v 49.941879 13.207193 53.110126
v 49.883064 13.595101 52.998657
v 50.166054 13.789055 52.778072
v 50.507858 13.595101 52.668957
v 50.566689 13.207193 52.780426
v 51.568581 15.013500 55.435917
v 51.179176 15.133370 55.454853
v 51.025177 15.373110 55.163017
v 51.260574 15.492981 54.852253
v 51.649971 15.373110 54.833321
v 51.803978 15.133370 55.125149
v 39.269608 18.249996 58.705811
v 38.919952 18.249994 58.495819
v 38.926987 18.249994 58.088005
v 39.283669 18.249994 57.890190
v 39.633324 18.249994 58.100189
v 39.626305 18.249996 58.507996
v 39.287743 21.486488 57.654369
v 38.937401 21.366619 57.483315
v 38.943100 21.126877 57.153389
v 39.299110 21.007008 56.994518
v 39.649437 21.126877 57.165573
v 39.643753 21.366619 57.495495
v 39.335197 23.486752 54.901649
v 38.983109 23.292797 54.832550
v 38.985283 22.904888 54.706532
v 39.339546 22.710934 54.649612
v 39.691628 22.904888 54.718708
v 39.689461 23.292797 54.844730
v 39.393867 23.486752 51.499107
v 39.039604 23.292797 51.556030
v 39.037437 22.904888 51.682049
v 39.389519 22.710934 51.751148
v 39.743782 22.904888 51.694225
v 39.745949 23.292797 51.568207
v 39.441322 21.486488 48.746391
v 39.085312 21.366617 48.905262
v 39.079628 21.126877 49.235188
v 39.429955 21.007006 49.406239
v 39.785965 21.126877 49.247368
v 39.791664 21.366617 48.917442
v 39.459457 18.249996 47.694950
v 39.102760 18.249996 47.892765
v 39.095741 18.249996 48.300571
v 39.445396 18.249996 48.510567
v 39.802078 18.249996 48.312752
v 39.809113 18.249996 47.904942
v 39.441322 15.013503 48.746391
v 39.085312 15.133373 48.905262
v 39.079628 15.373114 49.235188
v 39.429955 15.492984 49.406239
v 39.785965 15.373114 49.247368
v 39.791664 15.133373 48.917442
v 39.393867 13.013239 51.499107
v 39.039604 13.207193 51.556030
v 39.037437 13.595101 51.682049
v 39.389519 13.789055 51.751148
v 39.743782 13.595101 51.694225
v 39.745949 13.207193 51.568207
v 39.335197 13.013239 54.901653
v 38.983109 13.207193 54.832550
v 38.985283 13.595101 54.706532
v 39.339546 13.789055 54.649612
v 39.691628 13.595101 54.718708
v 39.689461 13.207193 54.844734
v 39.287743 15.013499 57.654369
v 38.937401 15.133370 57.483315
v 38.943100 15.373110 57.153389
v 39.299110 15.492981 56.994518
v 39.649437 15.373110 57.165565
v 39.643753 15.133370 57.495491
v -67.371559 58.909660 46.741028
v -67.572067 58.909660 47.093925
v -67.977936 58.909660 47.096737
v -68.183311 58.909660 46.746643
v -67.982803 58.909660 46.393742
v -67.576927 58.909660 46.390934
v -68.418015 62.130390 46.748272
v -68.579758 62.011105 47.100903
v -68.908119 61.772530 47.103176
v -69.074730 61.653244 46.752811
v -68.912987 61.772530 46.400181
v -68.584625 62.011105 46.397907
v -71.157661 64.120911 46.767231
v -71.217941 63.927902 47.119160
v -71.343361 63.541882 47.120026
v -71.408508 63.348873 46.768967
v -71.348228 63.541882 46.417034
v -71.222809 63.927902 46.416168
v -74.544060 64.120911 46.790665
v -74.478912 63.927902 47.141727
v -74.353493 63.541882 47.140862
v -74.293213 63.348873 46.788929
v -74.358360 63.541882 46.437870
v -74.483780 63.927902 46.438736
v -77.283714 62.130390 46.809624
v -77.117096 62.011101 47.159988
v -76.788742 61.772530 47.157715
v -76.626991 61.653244 46.805084
v -76.793602 61.772530 46.454720
v -77.121964 62.011101 46.456993
v -78.330162 58.909660 46.816868
v -78.124794 58.909660 47.166962
v -77.718918 58.909660 47.164154
v -77.518417 58.909660 46.811253
v -77.723785 58.909660 46.461159
v -78.129662 58.909660 46.463970
v -77.283714 55.688931 46.809624
v -77.117096 55.808220 47.159988
v -76.788742 56.046791 47.157715
v -76.626991 56.166077 46.805084
v -76.793602 56.046791 46.454720
v -77.121964 55.808220 46.456993
v -74.544060 53.698410 46.790661
v -74.478912 53.891418 47.141724
v -74.353493 54.277439 47.140858
v -74.293213 54.470448 46.788925
v -74.358360 54.277439 46.437866
v -74.483780 53.891418 46.438732
v -71.157661 53.698410 46.767227
v -71.217941 53.891418 47.119156
v -71.343361 54.277439 47.120022
v -71.408508 54.470448 46.768963
v -71.348228 54.277439 46.417030
v -71.222809 53.891418 46.416164
v -68.418015 55.688927 46.748272
v -68.579765 55.808216 47.100903
v -68.908119 56.046787 47.103176
v -69.074730 56.166073 46.752811
v -68.912987 56.046787 46.400181
v -68.584625 55.808216 46.397907
v -64.757469 58.909657 42.561516
v -65.107224 58.909657 42.355564
v -65.103737 58.909657 41.949696
v -64.750504 58.909657 41.749779
v -64.400749 58.909657 41.955730
v -64.404236 58.909657 42.361599
v -64.748489 62.130386 41.515076
v -65.098572 62.011101 41.347881
v -65.095757 61.772526 41.019527
v -64.742851 61.653240 40.858364
v -64.392769 61.772526 41.025562
v -64.395584 62.011101 41.353912
v -64.724976 64.120911 38.775459
v -65.075935 63.927898 38.709732
v -65.074852 63.541878 38.584312
v -64.722824 63.348869 38.524620
v -64.371872 63.541878 38.590343
v -64.372948 63.927898 38.715767
v -64.695915 64.120911 35.389111
v -65.047943 63.927902 35.448803
v -65.049026 63.541882 35.574226
v -64.698067 63.348873 35.639950
v -64.346039 63.541882 35.580257
v -64.344963 63.927902 35.454838
v -64.672401 62.130390 32.649494
v -65.025307 62.011101 32.810654
v -65.028122 61.772530 33.139008
v -64.678040 61.653244 33.306206
v -64.325134 61.772530 33.145042
v -64.322319 62.011101 32.816689
v -64.663422 58.909660 31.603054
v -65.016655 58.909660 31.802971
v -65.020142 58.909660 32.208839
v -64.670387 58.909660 32.414791
v -64.317154 58.909660 32.214874
v -64.313675 58.909660 31.809006
v -64.672401 55.688931 32.649494
v -65.025307 55.808220 32.810654
v -65.028122 56.046791 33.139008
v -64.678040 56.166077 33.306206
v -64.325134 56.046791 33.145042
v -64.322319 55.808220 32.816689
v -64.695915 53.698410 35.389107
v -65.047943 53.891418 35.448799
v -65.049019 54.277439 35.574223
v -64.698067 54.470448 35.639946
v -64.346039 54.277439 35.580254
v -64.344963 53.891418 35.454834
v -64.724976 53.698406 38.775455
v -65.075928 53.891415 38.709728
v -65.074852 54.277435 38.584309
v -64.722824 54.470444 38.524620
v -64.371872 54.277435 38.590347
v -64.372948 53.891415 38.715763
v -64.748489 55.688923 41.515076
v -65.098572 55.808212 41.347881
v -65.095757 56.046783 41.019527
v -64.742851 56.166069 40.858364
v -64.392769 56.046783 41.025562
v -64.395584 55.808212 41.353912
v -34.407494 58.938873 41.871971
v -34.681557 59.156166 41.666019
v -34.678829 59.154003 41.260151
v -34.402039 58.934544 41.060234
v -34.127975 58.717251 41.266186
v -34.130703 58.719414 41.672054
v -32.399479 61.457016 40.825531
v -32.747913 61.581043 40.658337
v -32.893925 61.392353 40.329983
v -32.691505 61.079628 40.168819
v -32.343075 60.955601 40.336018
v -32.197060 61.144295 40.664368
v -31.144382 63.002159 38.085915
v -31.539299 63.068962 38.020187
v -31.778282 62.765812 37.894768
v -31.622349 62.395863 37.835075
v -31.227432 62.329060 37.900799
v -30.988449 62.632210 38.026222
v -31.121613 62.984104 34.699566
v -31.517372 63.051575 34.759258
v -31.758041 62.749763 34.884682
v -31.602951 62.380482 34.950405
v -31.207191 62.313011 34.890713
v -30.966518 62.614822 34.765293
v -32.339863 61.409748 31.959946
v -32.690502 61.535526 32.121109
v -32.840931 61.350338 32.449463
v -32.640717 61.039364 32.616653
v -32.290077 60.913586 32.455498
v -32.139652 61.098778 32.127144
v -34.333801 58.880447 30.913509
v -34.610592 59.099903 31.113426
v -34.613323 59.102066 31.519295
v -34.339260 58.884773 31.725246
v -34.062469 58.665318 31.525330
v -34.059742 58.663151 31.119461
v -36.341820 56.362301 31.959946
v -36.544235 56.675026 32.121109
v -36.398224 56.863716 32.449463
v -36.049793 56.739689 32.616661
v -35.847374 56.426968 32.455498
v -35.993385 56.238274 32.127144
v -37.596916 54.817162 34.699562
v -37.752850 55.187111 34.759254
v -37.513866 55.490261 34.884682
v -37.118950 55.423458 34.950405
v -36.963017 55.053509 34.890709
v -37.202000 54.750359 34.765289
v -37.619686 54.835217 38.085911
v -37.774780 55.204498 38.020184
v -37.534107 55.506310 37.894772
v -37.138348 55.438839 37.835079
v -36.983257 55.069557 37.900803
v -37.223927 54.767746 38.026222
v -36.401440 56.409565 40.825531
v -36.601650 56.720539 40.658337
v -36.451221 56.905731 40.329983
v -36.100582 56.779949 40.168819
v -35.900368 56.468979 40.336018
v -36.050800 56.283787 40.664368
v -61.492661 16.188911 -66.382278
v -61.748199 16.188911 -65.932510
v -62.265484 16.188911 -65.928932
v -62.527225 16.188911 -66.375122
v -62.271687 16.188911 -66.824890
v -61.754402 16.188911 -66.828468
v -62.826355 20.293705 -66.373047
v -63.032501 20.141676 -65.923622
v -63.450993 19.837616 -65.920723
v -63.663338 19.685589 -66.367256
v -63.457195 19.837616 -66.816689
v -63.038704 20.141676 -66.819580
v -66.318016 22.830608 -66.348885
v -66.394844 22.584618 -65.900352
v -66.554695 22.092640 -65.899239
v -66.637718 21.846653 -66.346672
v -66.560890 22.092640 -66.795204
v -66.401047 22.584618 -66.796310
v -70.633957 22.830608 -66.319008
v -70.550926 22.584618 -65.871590
v -70.391083 22.092640 -65.872688
v -70.314255 21.846653 -66.321228
v -70.397278 22.092640 -66.768654
v -70.557129 22.584618 -66.767548
v -74.125618 20.293705 -66.294846
v -73.913269 20.141674 -65.848312
v -73.494781 19.837616 -65.851212
v -73.288635 19.685585 -66.300644
v -73.500984 19.837616 -66.747169
v -73.919472 20.141674 -66.744278
v -75.459312 16.188911 -66.285622
v -75.197571 16.188911 -65.839424
v -74.680290 16.188911 -65.843010
v -74.424744 16.188911 -66.292778
v -74.686493 16.188911 -66.738968
v -75.203773 16.188911 -66.735390
v -74.125618 12.084117 -66.294846
v -73.913269 12.236147 -65.848312
v -73.494781 12.540205 -65.851212
v -73.288635 12.692235 -66.300644
v -73.500984 12.540206 -66.747169
v -73.919472 12.236147 -66.744278
v -70.633957 9.547213 -66.319008
v -70.550926 9.793202 -65.871590
v -70.391083 10.285180 -65.872688
v -70.314255 10.531168 -66.321228
v -70.397278 10.285180 -66.768654
v -70.557129 9.793202 -66.767548
v -66.318016 9.547213 -66.348885
v -66.394844 9.793202 -65.900352
v -66.554695 10.285180 -65.899239
v -66.637718 10.531168 -66.346672
v -66.560890 10.285180 -66.795204
v -66.401047 9.793202 -66.796310
v -62.826359 12.084112 -66.373047
v -63.032505 12.236142 -65.923622
v -63.450996 12.540201 -65.920723
v -63.663342 12.692230 -66.367256
v -63.457195 12.540201 -66.816689
v -63.038704 12.236142 -66.819580
v -52.090733 16.188911 -66.361801
v -52.237984 16.188911 -66.102631
v -52.536053 16.188911 -66.100563
v -52.686874 16.188911 -66.357674
v -52.539623 16.188911 -66.616837
v -52.241554 16.188911 -66.618904
v -52.859238 18.554173 -66.356483
v -52.978020 18.466570 -66.097511
v -53.219162 18.291367 -66.095840
v -53.341522 18.203762 -66.353142
v -53.222736 18.291367 -66.612106
v -52.981594 18.466570 -66.613777
v -54.871201 20.015984 -66.342552
v -54.915466 19.874241 -66.084099
v -55.007576 19.590754 -66.083466
v -55.055416 19.449011 -66.341278
v -55.011150 19.590754 -66.599731
v -54.919041 19.874241 -66.600372
v -57.358124 20.015984 -66.325340
v -57.310284 19.874241 -66.067528
v -57.218178 19.590754 -66.068169
v -57.173908 19.449011 -66.326614
v -57.221748 19.590754 -66.584435
v -57.313858 19.874241 -66.583794
v -59.370090 18.554173 -66.311417
v -59.247734 18.466568 -66.054115
v -59.006588 18.291365 -66.055786
v -58.887806 18.203762 -66.314758
v -59.010162 18.291365 -66.572052
v -59.251305 18.466568 -66.570389
v -60.138592 16.188911 -66.306099
v -59.987770 16.188911 -66.048996
v -59.689701 16.188911 -66.051056
v -59.542454 16.188911 -66.310226
v -59.693275 16.188911 -66.567329
v -59.991344 16.188911 -66.565269
v -59.370090 13.823649 -66.311417
v -59.247734 13.911252 -66.054115
v -59.006588 14.086456 -66.055786
v -58.887806 14.174059 -66.314758
v -59.010162 14.086456 -66.572052
v -59.251305 13.911252 -66.570389
v -57.358124 12.361836 -66.325340
v -57.310284 12.503580 -66.067528
v -57.218178 12.787067 -66.068169
v -57.173908 12.928810 -66.326614
v -57.221748 12.787067 -66.584435
v -57.313858 12.503580 -66.583794
v -54.871201 12.361836 -66.342552
v -54.915466 12.503580 -66.084099
v -55.007576 12.787067 -66.083466
v -55.055416 12.928810 -66.341278
v -55.011150 12.787067 -66.599731
v -54.919041 12.503580 -66.600372
v -52.859238 13.823647 -66.356483
v -52.978024 13.911249 -66.097511
v -53.219166 14.086453 -66.095840
v -53.341522 14.174056 -66.353142
v -53.222740 14.086453 -66.612106
v -52.981598 13.911249 -66.613777
v -46.321236 16.297344 -66.349945
v -46.405823 16.297344 -66.201065
v -46.577057 16.297344 -66.199883
v -46.663696 16.297344 -66.347580
v -46.579109 16.297344 -66.496452
v -46.407879 16.297344 -66.497643
v -46.762711 17.656084 -66.346886
v -46.830948 17.605761 -66.198120
v -46.969475 17.505114 -66.197166
v -47.039764 17.454790 -66.344971
v -46.971527 17.505114 -66.493736
v -46.833000 17.605761 -66.494698
v -47.918495 18.495834 -66.338890
v -47.943924 18.414408 -66.190422
v -47.996841 18.251556 -66.190056
v -48.024323 18.170132 -66.338158
v -47.998894 18.251556 -66.486633
v -47.945980 18.414408 -66.487000
v -49.347130 18.495834 -66.329002
v -49.319645 18.414408 -66.180901
v -49.266731 18.251556 -66.181267
v -49.241302 18.170132 -66.329735
v -49.268784 18.251556 -66.477844
v -49.321697 18.414408 -66.477478
v -50.502914 17.656084 -66.321007
v -50.432625 17.605761 -66.173195
v -50.294102 17.505112 -66.174156
v -50.225864 17.454788 -66.322922
v -50.296150 17.505112 -66.470726
v -50.434677 17.605761 -66.469772
v -50.944389 16.297344 -66.317947
v -50.857746 16.297344 -66.170258
v -50.686516 16.297344 -66.171440
v -50.601929 16.297344 -66.320320
v -50.688568 16.297344 -66.468018
v -50.859802 16.297344 -66.466827
v -50.502914 14.938602 -66.321007
v -50.432625 14.988926 -66.173195
v -50.294102 15.089574 -66.174156
v -50.225864 15.139897 -66.322922
v -50.296150 15.089574 -66.470726
v -50.434677 14.988926 -66.469772
v -49.347130 14.098853 -66.329002
v -49.319645 14.180279 -66.180901
v -49.266731 14.343130 -66.181267
v -49.241302 14.424556 -66.329735
v -49.268784 14.343130 -66.477844
v -49.321697 14.180279 -66.477478
v -47.918495 14.098853 -66.338890
v -47.943924 14.180279 -66.190422
v -47.996841 14.343130 -66.190056
v -48.024323 14.424556 -66.338158
v -47.998894 14.343130 -66.486633
v -47.945980 14.180279 -66.487000
v -46.762711 14.938601 -66.346886
v -46.830948 14.988924 -66.198120
v -46.969475 15.089572 -66.197166
v -47.039764 15.139895 -66.344971
v -46.971527 15.089572 -66.493736
v -46.833000 14.988924 -66.494698
v 15.713676 31.697033 -55.331516
v 15.384949 31.957668 -55.578545
v 15.388222 31.955072 -56.065369
v 15.720222 31.691841 -56.305161
v 16.048943 31.431208 -56.058132
v 16.045670 31.433802 -55.571312
v 18.122208 34.717442 -56.586681
v 17.704277 34.866211 -56.787220
v 17.529137 34.639877 -57.181068
v 17.771935 34.264782 -57.374374
v 18.189865 34.116013 -57.173832
v 18.364998 34.342346 -56.779984
v 19.627640 36.570770 -59.872734
v 19.153954 36.650898 -59.951569
v 18.867302 36.287285 -60.102005
v 19.054344 35.843544 -60.173607
v 19.528023 35.763420 -60.094769
v 19.814682 36.127029 -59.944332
v 19.654953 36.549114 -63.934517
v 19.180260 36.630043 -63.862919
v 18.891586 36.268036 -63.712482
v 19.077614 35.825096 -63.633644
v 19.552307 35.744167 -63.705242
v 19.840981 36.106178 -63.855682
v 18.193710 34.660744 -67.220573
v 17.773140 34.811607 -67.027267
v 17.592705 34.589478 -66.633415
v 17.832848 34.216484 -66.432877
v 18.253426 34.065613 -66.626183
v 18.433861 34.287743 -67.020027
v 15.802063 31.626949 -68.475731
v 15.470070 31.890181 -68.235939
v 15.466797 31.892776 -67.749115
v 15.795517 31.632141 -67.502083
v 16.127518 31.368910 -67.741882
v 16.130791 31.366314 -68.228706
v 13.393539 28.606543 -67.220573
v 13.150749 28.981640 -67.027260
v 13.325882 29.207970 -66.633415
v 13.743805 29.059202 -66.432877
v 13.986603 28.684103 -66.626183
v 13.811470 28.457773 -67.020027
v 11.888100 26.753212 -63.934517
v 11.701057 27.196953 -63.862919
v 11.987717 27.560566 -63.712482
v 12.461403 27.480438 -63.633644
v 12.648438 27.036699 -63.705242
v 12.361786 26.673084 -63.855679
v 11.860786 26.774868 -59.872726
v 11.674767 27.217808 -59.951565
v 11.963432 27.579815 -60.102001
v 12.438133 27.498886 -60.173607
v 12.624153 27.055950 -60.094769
v 12.335487 26.693939 -59.944332
v 13.322021 28.663239 -56.586681
v 13.081879 29.036236 -56.787224
v 13.262314 29.258366 -57.181072
v 13.682892 29.107498 -57.374374
v 13.923035 28.734499 -57.173832
v 13.742607 28.512369 -56.779984
v 31.150940 31.984228 -55.331516
v 30.832649 31.710945 -55.578548
v 30.835823 31.713667 -56.065372
v 31.157280 31.989670 -56.305161
v 31.475563 32.262955 -56.058132
v 31.472397 32.260231 -55.571312
v 28.642555 34.922241 -56.586681
v 28.417168 34.540146 -56.787220
v 28.606155 34.325233 -57.181068
v 29.020515 34.492424 -57.374374
v 29.245895 34.874519 -57.173832
v 29.056923 35.089432 -56.779984
v 27.108643 36.752068 -59.872734
v 26.940071 36.302200 -59.951569
v 27.242668 35.951744 -60.102005
v 27.713844 36.051163 -60.173607
v 27.882416 36.501030 -60.094769
v 27.579811 36.851486 -59.944332
v 27.135094 36.774773 -63.934517
v 26.965538 36.324066 -63.862919
v 27.266182 35.971931 -63.712482
v 27.736374 36.070507 -63.633644
v 27.905922 36.521217 -63.705242
v 27.605286 36.873352 -63.855679
v 28.711800 34.981689 -67.220573
v 28.483849 34.597389 -67.027267
v 28.667702 34.378078 -66.633415
v 29.079491 34.543064 -66.432877
v 29.307442 34.927361 -66.626183
v 29.123596 35.146675 -67.020027
v 31.236526 32.057713 -68.475731
v 30.915070 31.781708 -68.235939
v 30.911903 31.778986 -67.749115
v 31.230179 32.052269 -67.502083
v 31.551643 32.328270 -67.741875
v 31.554817 32.330994 -68.228699
v 33.744911 29.119699 -67.220573
v 33.330544 28.952511 -67.027260
v 33.141571 29.167419 -66.633415
v 33.366951 29.549517 -66.432877
v 33.781311 29.716705 -66.626183
v 33.970284 29.501797 -67.020027
v 35.278824 27.289871 -63.934517
v 34.807648 27.190456 -63.862919
v 34.505043 27.540909 -63.712482
v 34.673630 27.990774 -63.633644
v 35.144798 28.090193 -63.705242
v 35.447395 27.739740 -63.855679
v 35.252373 27.267164 -59.872726
v 34.782181 27.168591 -59.951565
v 34.481544 27.520723 -60.102001
v 34.651093 27.971432 -60.173607
v 35.121284 28.070007 -60.094769
v 35.421936 27.717873 -59.944332
v 33.675667 29.060246 -56.586681
v 33.263863 28.895260 -56.787224
v 33.080025 29.114573 -57.181072
v 33.307976 29.498871 -57.374374
v 33.719772 29.663858 -57.173832
v 33.903618 29.444546 -56.779984
v 45.987625 32.056664 -55.331516
v 45.662796 32.322124 -55.578545
v 45.666031 32.319481 -56.065369
v 45.994102 32.051373 -56.305161
v 46.318932 31.785910 -56.058132
v 46.315697 31.788553 -55.571312
v 48.440529 35.041145 -56.586681
v 48.024849 35.196075 -56.787220
v 47.846382 34.972359 -57.181068
v 48.083611 34.593712 -57.374374
v 48.499298 34.438789 -57.173832
v 48.677750 34.662506 -56.779984
v 49.973190 36.872032 -59.872734
v 49.500732 36.959145 -59.951569
v 49.208748 36.599808 -60.102005
v 49.389214 36.153351 -60.173607
v 49.861649 36.066238 -60.094769
v 50.153648 36.425575 -59.944332
v 50.000183 36.849972 -63.934517
v 49.526733 36.937904 -63.862919
v 49.232735 36.580200 -63.712482
v 49.412201 36.134563 -63.633644
v 49.885651 36.046631 -63.705246
v 50.179634 36.404335 -63.855682
v 48.511192 34.983398 -67.220573
v 48.092888 35.140465 -67.027267
v 47.909195 34.921024 -66.633415
v 48.143806 34.544518 -66.432877
v 48.562111 34.387451 -66.626183
v 48.745804 34.606892 -67.020027
v 46.074982 31.985279 -68.475731
v 45.746902 32.253387 -68.235939
v 45.743675 32.256027 -67.749115
v 46.068504 31.990566 -67.502083
v 46.396576 31.722458 -67.741882
v 46.399811 31.719814 -68.228706
v 43.622078 29.000792 -67.220573
v 43.384850 29.379436 -67.027260
v 43.563316 29.603153 -66.633415
v 43.978996 29.448225 -66.432877
v 44.216225 29.069582 -66.626183
v 44.037758 28.845865 -67.020027
v 42.089417 27.169910 -63.934517
v 41.908958 27.616365 -63.862919
v 42.200958 27.975702 -63.712482
v 42.673393 27.888586 -63.633644
v 42.853859 27.442131 -63.705242
v 42.561867 27.082794 -63.855679
v 42.062424 27.191967 -59.872726
v 41.882965 27.637606 -59.951565
v 42.176956 27.995310 -60.102001
v 42.650406 27.907375 -60.173607
v 42.829872 27.461739 -60.094769
v 42.535873 27.104034 -59.944332
v 43.551407 29.058538 -56.586681
v 43.316803 29.435045 -56.787224
v 43.500496 29.654484 -57.181068
v 43.918800 29.497417 -57.374374
v 44.153412 29.120913 -57.173832
v 43.969711 28.901472 -56.779984
v 51.775276 19.513294 -55.331516
v 51.778191 19.932795 -55.578545
v 51.778160 19.928616 -56.065369
v 51.775223 19.504938 -56.305161
v 51.772293 19.085436 -56.058132
v 51.772324 19.089613 -55.571312
v 55.638237 19.475630 -56.586681
v 55.498085 19.896526 -56.787220
v 55.211906 19.895138 -57.181068
v 55.065880 19.472855 -57.374374
v 55.206039 19.051956 -57.173832
v 55.492218 19.053345 -56.779984
v 58.025528 19.430809 -59.872734
v 57.796951 19.853367 -59.951569
v 57.333939 19.855297 -60.102005
v 57.099510 19.434673 -60.173607
v 57.328072 19.012115 -60.094769
v 57.791084 19.010185 -59.944332
v 58.025276 19.395950 -63.934521
v 57.796722 19.819799 -63.862919
v 57.333725 19.824314 -63.712482
v 57.099289 19.404980 -63.633644
v 57.327858 18.981133 -63.705246
v 57.790848 18.976618 -63.855682
v 55.637589 19.384373 -67.220573
v 55.497467 19.808647 -67.027267
v 55.211334 19.814020 -66.633415
v 55.065338 19.395115 -66.432877
v 55.205467 18.970839 -66.626183
v 55.491592 18.965467 -67.020027
v 51.774483 19.400492 -68.475731
v 51.777435 19.824173 -68.235939
v 51.777466 19.828350 -67.749115
v 51.774536 19.408848 -67.502083
v 51.771599 18.985168 -67.741882
v 51.771568 18.980991 -68.228706
v 47.911522 19.438156 -67.220573
v 48.057541 19.860439 -67.027260
v 48.343719 19.861828 -66.633415
v 48.483879 19.440931 -66.432877
v 48.337852 19.018646 -66.626183
v 48.051674 19.017260 -67.020027
v 45.524231 19.482975 -63.934517
v 45.758675 19.903601 -63.862919
v 46.221687 19.901669 -63.712482
v 46.450249 19.479111 -63.633644
v 46.215820 19.058487 -63.705242
v 45.752808 19.060419 -63.855679
v 45.524483 19.517834 -59.872726
v 45.758911 19.937168 -59.951565
v 46.221901 19.932653 -60.102001
v 46.450462 19.508804 -60.173599
v 46.216034 19.089472 -60.094769
v 45.753036 19.093987 -59.944332
v 47.912155 19.529413 -56.586681
v 48.058159 19.948318 -56.787224
v 48.344292 19.942947 -57.181068
v 48.484413 19.518669 -57.374374
v 48.338409 19.099766 -57.173832
v 48.052292 19.105137 -56.779984
v 10.492233 50.983299 -55.331516
v 10.487068 51.402782 -55.578545
v 10.487122 51.398602 -56.065369
v 10.492332 50.974945 -56.305161
v 10.497490 50.555466 -56.058132
v 10.497444 50.559643 -55.571312
v 14.355202 51.020050 -56.586681
v 14.206970 51.438168 -56.787220
v 13.920876 51.431267 -57.181068
v 13.783012 51.006248 -57.374374
v 13.931252 50.588131 -57.173832
v 14.217339 50.595028 -56.779984
v 16.742912 51.021217 -59.872734
v 16.506248 51.439293 -59.951569
v 16.043282 51.432308 -60.102005
v 15.816994 51.007244 -60.173607
v 16.053658 50.589169 -60.094769
v 16.516617 50.596157 -59.944332
v 16.743340 50.986362 -63.934517
v 16.506653 51.405727 -63.862919
v 16.043663 51.401325 -63.712482
v 15.817352 50.977554 -63.633644
v 16.054031 50.558186 -63.705246
v 16.517029 50.562592 -63.855682
v 14.356323 50.928795 -67.220573
v 14.208046 51.350292 -67.027267
v 13.921867 51.350155 -66.633415
v 13.783966 50.928516 -66.432877
v 13.932243 50.507015 -66.626183
v 14.218422 50.507156 -67.020027
v 10.493614 50.870506 -68.475731
v 10.488411 51.294163 -68.235939
v 10.488358 51.298340 -67.749115
v 10.493515 50.878860 -67.502083
v 10.498726 50.455204 -67.741882
v 10.498779 50.451023 -68.228706
v 6.630653 50.833755 -67.220573
v 6.768509 51.258778 -67.027260
v 7.054604 51.265675 -66.633415
v 7.202835 50.847557 -66.432877
v 7.064980 50.422539 -66.626183
v 6.778877 50.415638 -67.020027
v 4.242935 50.832588 -63.934517
v 4.469231 51.257648 -63.862919
v 4.932198 51.264637 -63.712482
v 5.168854 50.846561 -63.633644
v 4.942566 50.421497 -63.705242
v 4.479599 50.414513 -63.855679
v 4.242508 50.867443 -59.872726
v 4.468819 51.291214 -59.951565
v 4.931816 51.295620 -60.102001
v 5.168495 50.876251 -60.173607
v 4.942184 50.452480 -60.094769
v 4.479195 50.448078 -59.944332
v 6.629524 50.925011 -56.586681
v 6.767433 51.346649 -56.787224
v 7.053604 51.346790 -57.181068
v 7.201881 50.925289 -57.374374
v 7.063972 50.503651 -57.173832
v 6.777802 50.503513 -56.779984
v 52.190720 -2.835244 -37.904526
v 52.190720 66.095093 -37.904526
v 55.000031 -2.835243 -43.388638
v 55.000031 66.095093 -43.388638
v 57.674828 -2.835244 -35.095219
v 57.674828 66.095093 -35.095219
v 60.484138 -2.835243 -40.579334
v 60.484138 66.095093 -40.579330
v 70.797318 -2.835244 -28.728563
v 70.797318 66.095093 -28.728563
v 71.078781 -2.835244 -34.883923
v 71.078781 66.095093 -34.883923
v 76.952682 -2.835244 -28.447107
v 76.952682 66.095093 -28.447109
v 77.234146 -2.835244 -34.602470
v 77.234146 66.095093 -34.602470
v 42.147789 -2.835244 -19.360159
v 42.147789 66.095093 -19.360159
v 37.427010 -2.835244 -23.320189
v 37.427010 66.095093 -23.320190
v 46.107819 -2.835244 -24.080950
v 46.107819 66.095093 -24.080952
v 41.387039 -2.835244 -28.040981
v 41.387039 66.095093 -28.040981
v 66.606461 -2.835243 -4.195470
v 66.606461 66.095093 -4.195470
v 63.252640 -2.835243 -6.049403
v 63.252640 66.095093 -6.049403
v 68.460388 -2.835243 -7.549283
v 68.460388 66.095093 -7.549283
v 65.106583 -2.835243 -9.403215
v 65.106583 66.095093 -9.403215
v 76.203751 -2.835243 1.850362
v 76.203751 66.095093 1.850361
v 79.353256 -2.835243 -3.445713
v 79.353256 66.095093 -3.445713
v 81.499832 -2.835243 4.999852
v 81.499832 66.095093 4.999852
v 84.649338 -2.835243 -0.296222
v 84.649338 66.095093 -0.296223
v 49.763832 -2.835244 8.124550
v 49.763832 66.095093 8.124550
v 51.709686 -2.835243 5.082425
v 51.709686 66.095093 5.082425
v 52.805969 -2.835244 10.070402
v 52.805969 66.095093 10.070402
v 54.751823 -2.835244 7.028277
v 54.751823 66.095093 7.028276
v 31.495438 -2.835243 -2.020918
v 31.495438 66.095093 -2.020917
v 29.218307 -2.835243 -7.746511
v 29.218307 66.095093 -7.746511
v 37.221024 -2.835243 -4.298038
v 37.221024 66.095093 -4.298038
v 34.943901 -2.835243 -10.023632
v 34.943901 66.095093 -10.023631
v -55.225380 -2.835243 80.969940
v -55.225380 66.095093 80.969940
v -57.502502 -2.835243 75.244354
v -57.502502 66.095093 75.244339
v -49.499786 -2.835243 78.692825
v -49.499786 66.095093 78.692818
v -51.776909 -2.835243 72.967224
v -51.776909 66.095093 72.967224
v -82.466843 -15.717951 79.263840
v -82.466843 53.212387 79.263840
v -84.743965 -15.717951 73.538246
v -84.743965 53.212387 73.538239
v -76.741249 -15.717951 76.986725
v -76.741249 53.212387 76.986710
v -79.018372 -15.717951 71.261124
v -79.018372 53.212387 71.261124
v -28.649651 -2.835243 80.270592
v -28.649651 66.095093 80.270592
v -30.926769 -2.835243 74.544998
v -30.926769 66.095093 74.544991
v -22.924053 -2.835243 77.993477
v -22.924053 66.095093 77.993462
v -25.201176 -2.835243 72.267876
v -25.201176 66.095093 72.267876
v -12.819393 23.323723 80.654312
v -89.738319 9.755532 80.654312
v -12.371170 20.782700 74.166527
v -89.290092 7.214509 74.166519
v -13.946415 29.712875 78.074066
v -90.865341 16.144684 78.074059
v -13.498192 27.171852 71.586273
v -90.417114 13.603661 71.586273
v -19.745640 39.599350 79.263840
v -88.535896 43.991703 79.263840
v -19.890739 37.326859 73.538246
v -88.681000 41.719208 73.538239
v -19.380795 45.313309 76.986725
v -88.171051 49.705658 76.986710
v -19.525894 43.040817 71.261124
v -88.316154 47.433167 71.261124
v -89.144951 -0.793169 2.183036
v -89.144951 11.064834 2.183035
v -89.144951 -0.793169 0.183036
v -89.144951 11.064834 0.183035
v -44.218018 -0.793169 2.183036
v -44.218018 11.064834 2.183035
v -44.218018 -0.793169 0.183036
v -44.218018 11.064834 0.183035
v -89.144951 -0.793169 -10.621647
v -89.144951 11.064834 -10.621648
v -89.144951 -0.793169 -12.621647
v -89.144951 11.064834 -12.621648
v -44.218018 -0.793169 -10.621647
v -44.218018 11.064834 -10.621648
v -44.218018 -0.793169 -12.621647
v -44.218018 11.064834 -12.621648
vn -1.0000 -0.0000 -0.0000
vn -0.0000 1.0000 -0.0000
vn 1.0000 -0.0000 -0.0000
vn -0.0000 -1.0000 -0.0000
vn -0.0000 -0.0000 -1.0000
vn -0.0000 -0.0000 1.0000
vn -0.0110 0.9994 -0.0334
vn 0.0296 0.9996 0.0017
vn 0.0158 0.9998 0.0071
vn 0.0755 0.9965 -0.0371
vn -0.0992 0.9812 -0.1657
vn 0.0610 0.9980 -0.0138
vn -0.0727 0.9929 0.0942
vn -0.0408 0.9989 -0.0226
vn 0.0532 0.9982 -0.0271
vn 0.1068 0.9935 -0.0404
vn 0.0542 0.9985 0.0114
vn -0.0472 0.9986 -0.0242
vn 0.0397 0.9973 0.0618
vn 0.0379 0.9937 0.1054
vn -0.0806 0.9848 0.1541
vn -0.0213 0.9942 0.1056
vn 0.0337 0.9993 -0.0160
vn -0.0008 0.9992 -0.0402
vn 0.0061 0.9994 -0.0328
vn 0.1481 0.9889 -0.0131
vn 0.1293 0.9915 0.0133
vn -0.0892 0.9959 0.0160
vn 0.0349 0.9992 -0.0216
vn 0.0180 0.9984 -0.0541
vn -0.0331 0.9936 -0.1078
vn -0.0106 0.9942 -0.1070
vn -0.0100 0.9994 0.0327
vn 0.0414 0.9975 0.0580
vn 0.0924 0.9940 -0.0579
vn -0.0228 0.9996 0.0134
vn 0.0665 0.9934 0.0939
vn 0.0054 0.9988 0.0485
vn -0.0325 0.9983 0.0485
vn 0.0440 0.9929 0.1101
vn -0.0047 0.9953 0.0962
vn -0.0198 0.9968 0.0777
vn -0.0907 0.9948 0.0467
vn 0.1873 0.9808 -0.0550
vn 0.0251 0.9997 0.0083
vn -0.0841 0.9955 0.0439
vn 0.0627 0.9975 -0.0336
vn 0.0416 0.9985 -0.0346
vn -0.0408 0.9982 -0.0451
vn 0.0776 0.9887 -0.1280
vn -0.0172 0.9885 -0.1505
vn -0.0958 0.9954 -0.0047
vn 0.0430 0.9988 -0.0223
vn 0.1785 0.9811 -0.0747
vn -0.1276 0.9916 0.0202
vn 0.0428 0.9987 0.0288
vn 0.0612 0.9957 -0.0702
vn -0.0600 0.9982 -0.0006
vn 0.0387 0.9990 0.0236
vn 0.0822 0.9964 0.0217
vn 0.0249 0.9995 -0.0208
vn -0.1822 0.9776 -0.1057
vn 0.0927 0.9940 -0.0585
vn 0.0438 0.9914 0.1231
vn -0.0499 0.9959 0.0752
vn 0.0383 0.9991 -0.0162
vn 0.0655 0.9914 0.1135
vn -0.0499 0.9984 0.0266
vn 0.0861 0.9950 -0.0504
vn -0.0070 0.9998 0.0193
vn 0.0125 0.9911 0.1325
vn -0.0564 0.9949 0.0839
vn 0.0386 0.9981 -0.0474
vn -0.0746 0.9960 -0.0490
vn 0.0619 0.9963 -0.0604
vn -0.0417 0.9985 -0.0349
vn 0.0683 0.9962 -0.0535
vn -0.0050 0.9999 -0.0153
vn 0.0675 0.9977 0.0041
vn -0.0624 0.9979 0.0147
vn 0.0044 0.9991 -0.0424
vn 0.0100 0.9987 -0.0492
vn 0.0194 0.9992 0.0348
vn -0.0278 0.9995 0.0118
vn 0.0491 0.9988 0.0060
vn -0.1066 0.9913 0.0767
vn -0.1292 0.9886 -0.0777
vn -0.0053 0.9973 0.0732
vn 0.0698 0.9952 0.0688
vn 0.0040 1.0000 -0.0066
vn 0.0155 0.9998 -0.0160
vn 0.0015 0.9999 -0.0112
vn -0.1001 0.9945 0.0292
vn 0.0717 0.9959 0.0544
vn 0.0227 0.9997 0.0060
vn -0.0329 0.9954 -0.0902
vn -0.1870 0.9821 0.0204
vn 0.0108 0.9990 -0.0424
vn 0.1156 0.9874 -0.1083
vn -0.0471 0.9985 -0.0295
vn 0.0462 0.9989 0.0090
vn -0.0150 0.9998 -0.0140
vn -0.0684 0.9961 -0.0565
vn 0.0323 0.9971 -0.0690
vn 0.0373 0.9993 0.0088
vn 0.0076 0.9988 0.0477
vn 0.7492 0.2709 0.6044
vn -0.1546 -0.0000 0.9880
vn -0.8980 -0.2709 0.3467
vn -0.7492 -0.2709 -0.6044
vn 0.1546 -0.0000 -0.9880
vn 0.8980 0.2709 -0.3467
vn 0.4346 0.7091 0.5552
vn -0.5834 -0.7091 0.3959
vn -0.4346 -0.7091 -0.5552
vn 0.5834 0.7091 -0.3959
vn -0.0744 0.8766 0.4755
vn -0.0744 -0.8766 0.4755
vn 0.0744 -0.8766 -0.4755
vn 0.0744 0.8766 -0.4755
vn -0.5834 0.7091 0.3959
vn 0.4346 -0.7091 0.5552
vn 0.5834 -0.7091 -0.3959
vn -0.4346 0.7091 -0.5552
vn -0.8980 0.2709 0.3467
vn 0.7492 -0.2709 0.6044
vn 0.8980 -0.2709 -0.3467
vn -0.7492 0.2709 -0.6044
vn 0.5834 -0.7092 -0.3959
vn 0.6951 0.2709 0.6660
vn -0.2381 -0.0000 0.9712
vn -0.9243 -0.2709 0.2689
vn -0.6951 -0.2709 -0.6660
vn 0.2381 -0.0000 -0.9712
vn 0.9243 0.2709 -0.2689
vn 0.3858 0.7091 0.5902
vn -0.6150 -0.7091 0.3448
vn -0.3858 -0.7091 -0.5902
vn 0.6150 0.7091 -0.3448
vn -0.1146 0.8766 0.4675
vn -0.1146 -0.8766 0.4675
vn 0.1146 -0.8766 -0.4675
vn 0.1146 0.8766 -0.4675
vn -0.6150 0.7091 0.3448
vn 0.3858 -0.7091 0.5902
vn 0.6150 -0.7091 -0.3448
vn -0.3858 0.7091 -0.5902
vn -0.9243 0.2709 0.2689
vn 0.6951 -0.2709 0.6660
vn 0.9243 -0.2709 -0.2689
vn -0.6951 0.2709 -0.6660
vn -0.1146 -0.8765 0.4675
vn -0.1146 0.8765 0.4675
vn 0.3857 0.2709 0.8820
vn -0.5931 -0.0000 0.8051
vn -0.9567 -0.2709 -0.1069
vn -0.3857 -0.2709 -0.8820
vn 0.5931 -0.0000 -0.8051
vn 0.9567 0.2709 0.1069
vn 0.1294 0.7091 0.6931
vn -0.7003 -0.7091 0.0819
vn -0.1294 -0.7091 -0.6931
vn 0.7003 0.7091 -0.0819
vn -0.2855 0.8765 0.3875
vn -0.2855 -0.8766 0.3875
vn 0.2855 -0.8766 -0.3875
vn 0.2855 0.8766 -0.3875
vn -0.7003 0.7091 0.0819
vn 0.1294 -0.7091 0.6931
vn 0.7003 -0.7091 -0.0819
vn -0.1294 0.7091 -0.6931
vn -0.9567 0.2709 -0.1069
vn 0.3857 -0.2709 0.8820
vn 0.9567 -0.2709 0.1069
vn -0.3857 0.2709 -0.8820
vn 0.3857 0.2709 0.8819
vn -0.7003 -0.7092 0.0819
vn -0.2855 -0.8765 0.3875
vn -0.0366 0.2709 0.9619
vn -0.8844 -0.0000 0.4667
vn -0.8147 -0.2709 -0.5127
vn 0.0366 -0.2709 -0.9619
vn 0.8844 -0.0000 -0.4667
vn 0.8147 0.2709 0.5127
vn -0.1852 0.7091 0.6803
vn -0.6661 -0.7091 -0.2311
vn 0.1852 -0.7091 -0.6803
vn 0.6661 0.7092 0.2310
vn -0.4257 0.8766 0.2246
vn -0.4257 -0.8766 0.2246
vn 0.4257 -0.8766 -0.2246
vn 0.4257 0.8766 -0.2246
vn -0.6661 0.7091 -0.2310
vn -0.1852 -0.7092 0.6803
vn 0.6661 -0.7091 0.2311
vn 0.1852 0.7091 -0.6803
vn -0.8147 0.2709 -0.5127
vn -0.0366 -0.2709 0.9619
vn 0.8147 -0.2709 0.5127
vn 0.0366 0.2709 -0.9619
vn -0.6661 -0.7091 -0.2310
vn -0.1852 0.7092 0.6803
vn 0.6661 0.7091 0.2311
vn -0.1852 -0.7091 0.6803
vn -0.6661 0.7091 -0.2311
vn 0.6661 -0.7091 0.2310
vn -0.4956 0.2709 0.8252
vn -0.9999 -0.0000 -0.0173
vn -0.4669 -0.2709 -0.8418
vn 0.4956 -0.2709 -0.8252
vn 0.9999 -0.0000 0.0172
vn 0.4669 0.2709 0.8418
vn -0.4901 0.7092 0.5068
vn -0.9999 -0.0000 -0.0172
vn -0.4724 -0.7092 -0.5234
vn 0.4901 -0.7092 -0.5068
vn 0.4724 0.7091 0.5234
vn -0.4812 0.8765 -0.0083
vn -0.4812 -0.8766 -0.0083
vn 0.4812 -0.8766 0.0083
vn 0.4812 0.8766 0.0083
vn -0.4723 0.7091 -0.5234
vn -0.4901 -0.7091 0.5068
vn 0.4724 -0.7091 0.5234
vn 0.4901 0.7091 -0.5069
vn -0.4669 0.2709 -0.8418
vn -0.4956 -0.2709 0.8252
vn 0.4669 -0.2709 0.8418
vn 0.9999 -0.0000 0.0173
vn 0.4956 0.2709 -0.8252
vn -0.4724 -0.7091 -0.5234
vn -0.4901 0.7091 0.5069
vn 0.4724 0.7092 0.5234
vn 0.4901 -0.7091 -0.5069
vn -0.4812 0.8766 -0.0083
vn -0.4901 -0.7091 0.5069
vn -0.4724 0.7092 -0.5234
vn 0.4901 0.7092 -0.5068
vn 0.8370 0.2709 0.4755
vn 0.0069 -0.0000 1.0000
vn -0.8303 -0.2709 0.4871
vn -0.8370 -0.2709 -0.4755
vn -0.0069 -0.0000 -1.0000
vn 0.8303 0.2709 -0.4871
vn 0.5185 0.7091 0.4777
vn -0.5119 -0.7091 0.4849
vn -0.5185 -0.7091 -0.4777
vn 0.5119 0.7091 -0.4849
vn 0.0033 0.8766 0.4813
vn 0.0033 -0.8765 0.4813
vn -0.0033 -0.8765 -0.4813
vn -0.0033 0.8766 -0.4813
vn -0.5119 0.7091 0.4849
vn 0.5185 -0.7091 0.4777
vn 0.5119 -0.7091 -0.4849
vn -0.5185 0.7091 -0.4777
vn -0.8303 0.2709 0.4871
vn 0.8370 -0.2709 0.4755
vn 0.8303 -0.2709 -0.4871
vn -0.8370 0.2709 -0.4755
vn 0.0033 -0.8766 0.4813
vn -0.0033 -0.8766 -0.4813
vn -0.4884 0.2709 0.8295
vn -1.0000 -0.0000 -0.0086
vn -0.4741 -0.2709 -0.8378
vn 0.4884 -0.2709 -0.8295
vn 1.0000 -0.0000 0.0086
vn 0.4741 0.2709 0.8377
vn -0.4857 0.7091 0.5111
vn -0.4769 -0.7091 -0.5193
vn 0.4857 -0.7091 -0.5111
vn 0.4769 0.7091 0.5193
vn -0.4813 0.8766 -0.0041
vn -0.4813 -0.8766 -0.0041
vn 0.4813 -0.8766 0.0041
vn 0.4813 0.8766 0.0041
vn -0.4769 0.7091 -0.5193
vn -0.4857 -0.7091 0.5111
vn 0.4769 -0.7091 0.5193
vn 0.4857 0.7091 -0.5111
vn -0.4741 0.2709 -0.8378
vn -0.4884 -0.2709 0.8295
vn 0.4741 -0.2709 0.8378
vn 0.4884 0.2709 -0.8295
vn 0.4741 0.2709 0.8378
vn -0.4769 0.7092 -0.5193
vn 0.4741 -0.2709 0.8377
vn -0.2145 0.5157 0.8295
vn -0.7836 0.6213 -0.0086
vn -0.5398 0.0823 -0.8378
vn 0.2145 -0.5157 -0.8295
vn 0.7836 -0.6213 0.0086
vn 0.5398 -0.0823 0.8377
vn 0.0600 0.8574 0.5111
vn -0.8142 -0.2594 -0.5193
vn -0.0600 -0.8574 -0.5111
vn 0.8142 0.2594 0.5193
vn 0.1675 0.9859 -0.0041
vn -0.9217 -0.3878 -0.0041
vn -0.1675 -0.9859 0.0041
vn 0.9217 0.3878 0.0041
vn 0.0669 0.8519 -0.5193
vn -0.8212 -0.2539 0.5111
vn -0.0669 -0.8519 0.5193
vn 0.8212 0.2539 -0.5111
vn -0.2032 0.5068 -0.8377
vn -0.5510 0.0912 0.8295
vn 0.2032 -0.5068 0.8377
vn 0.5510 -0.0912 -0.8295
vn -0.5398 0.0823 -0.8377
vn 0.2144 -0.5157 -0.8295
vn 0.2032 -0.5068 0.8378
vn -0.0070 -0.0000 -1.0000
vn -0.0033 0.8765 -0.4813
vn 0.0070 -0.0000 1.0000
vn 0.5185 -0.7092 0.4777
vn -0.2144 0.5157 0.8295
vn 0.5398 -0.0823 0.8378
vn -0.9217 -0.3879 -0.0041
vn 0.9217 0.3879 0.0041
vn 0.0669 0.8520 -0.5193
vn -0.7836 0.6212 -0.0086
vn 0.7836 -0.6212 0.0086
vn -0.0669 -0.8520 0.5193
vn -0.7835 0.6213 -0.0086
vn -0.5470 -0.1127 0.8295
vn -0.7587 -0.6514 -0.0086
vn -0.1833 -0.5144 -0.8378
vn 0.5470 0.1127 -0.8295
vn 0.7587 0.6514 0.0086
vn 0.1833 0.5144 0.8378
vn -0.8305 0.2216 0.5111
vn 0.1001 -0.8487 -0.5193
vn 0.8305 -0.2216 -0.5111
vn -0.1002 0.8487 0.5193
vn -0.9362 0.3515 -0.0041
vn 0.2059 -0.9786 -0.0041
vn 0.9362 -0.3515 0.0041
vn -0.2058 0.9786 0.0041
vn -0.8238 0.2274 -0.5193
vn 0.0934 -0.8544 0.5111
vn 0.8238 -0.2274 0.5193
vn -0.0934 0.8544 -0.5111
vn -0.5362 -0.1034 -0.8378
vn -0.1941 -0.5237 0.8295
vn 0.5362 0.1034 0.8378
vn 0.1941 0.5237 -0.8295
vn -0.1001 0.8487 0.5193
vn -0.2059 0.9786 0.0041
vn -0.5362 -0.1033 -0.8378
vn -0.2068 0.5188 0.8295
vn -0.7743 0.6328 -0.0086
vn -0.5385 0.0903 -0.8377
vn 0.2068 -0.5188 -0.8295
vn 0.7743 -0.6328 0.0086
vn 0.5385 -0.0903 0.8378
vn 0.0727 0.8565 0.5111
vn -0.8180 -0.2473 -0.5193
vn -0.0726 -0.8565 -0.5111
vn 0.8180 0.2474 0.5193
vn 0.1820 0.9833 -0.0041
vn -0.9273 -0.3742 -0.0041
vn -0.1820 -0.9833 0.0041
vn 0.9274 0.3742 0.0041
vn 0.0795 0.8509 -0.5193
vn -0.8248 -0.2418 0.5111
vn -0.0795 -0.8509 0.5193
vn 0.8248 0.2417 -0.5111
vn -0.1957 0.5098 -0.8377
vn -0.5496 0.0993 0.8295
vn 0.1957 -0.5098 0.8378
vn 0.5496 -0.0993 -0.8295
vn 0.0726 0.8565 0.5111
vn -0.0727 -0.8565 -0.5111
vn -0.9274 -0.3742 -0.0041
vn 0.9273 0.3742 0.0041
vn -0.8248 -0.2417 0.5111
vn -0.5496 0.0994 0.8295
vn -0.1957 0.5098 -0.8378
vn 0.1957 -0.5098 0.8377
vn 0.2743 0.4865 0.8295
vn 0.0070 0.9999 -0.0086
vn -0.2676 0.4760 -0.8378
vn -0.2743 -0.4865 -0.8295
vn -0.0070 -0.9999 0.0086
vn 0.2676 -0.4760 0.8377
vn 0.7125 0.4808 0.5111
vn -0.7058 0.4818 -0.5193
vn -0.7125 -0.4807 -0.5111
vn 0.7058 -0.4818 0.5193
vn 0.8799 0.4752 -0.0041
vn -0.8732 0.4874 -0.0041
vn -0.8799 -0.4752 0.0041
vn 0.8732 -0.4874 0.0041
vn 0.7125 0.4719 -0.5193
vn -0.7057 0.4907 0.5111
vn -0.7124 -0.4719 0.5193
vn 0.7057 -0.4906 -0.5111
vn 0.2742 0.4722 -0.8377
vn -0.2675 0.4903 0.8295
vn -0.2742 -0.4722 0.8377
vn 0.2675 -0.4903 -0.8295
vn -0.7125 -0.4808 -0.5111
vn 0.8732 -0.4873 0.0041
vn -0.7058 0.4906 0.5111
vn 0.7124 0.4719 -0.5193
vn 0.7057 -0.4907 -0.5111
vn -0.7125 -0.4719 0.5193
vn 0.2648 0.4917 0.8295
vn -0.0123 0.9999 -0.0086
vn -0.2767 0.4708 -0.8378
vn -0.2648 -0.4917 -0.8295
vn 0.0123 -0.9999 0.0086
vn 0.2767 -0.4708 0.8378
vn 0.7031 0.4944 0.5111
vn -0.7150 0.4681 -0.5193
vn -0.7031 -0.4944 -0.5111
vn 0.7150 -0.4681 0.5193
vn 0.8706 0.4920 -0.0041
vn -0.8824 0.4705 -0.0041
vn -0.8706 -0.4920 0.0041
vn 0.8824 -0.4705 0.0041
vn 0.7032 0.4856 -0.5193
vn -0.7151 0.4770 0.5111
vn -0.7032 -0.4856 0.5193
vn 0.7151 -0.4770 -0.5111
vn 0.2650 0.4774 -0.8377
vn -0.2769 0.4851 0.8295
vn -0.2650 -0.4774 0.8377
vn 0.2769 -0.4851 -0.8295
vn -0.2767 0.4708 -0.8377
vn -0.8900 -0.0000 -0.4559
vn 0.4559 -0.0000 -0.8900
vn 0.8900 -0.0000 0.4559
vn -0.4559 -0.0000 0.8900
vn -0.9990 -0.0000 -0.0457
vn 0.0457 -0.0000 -0.9990
vn 0.9990 -0.0000 0.0457
vn -0.0457 -0.0000 0.9990
vn -0.6427 -0.0000 0.7661
vn -0.7661 -0.0000 -0.6427
vn 0.6427 -0.0000 -0.7661
vn 0.7661 -0.0000 0.6427
vn -0.4838 -0.0000 0.8752
vn -0.8752 -0.0000 -0.4838
vn 0.4838 -0.0000 -0.8752
vn 0.8752 -0.0000 0.4838
vn -0.8595 -0.0000 -0.5111
vn 0.5111 -0.0000 -0.8595
vn 0.8595 -0.0000 0.5111
vn -0.5111 -0.0000 0.8595
vn -0.8424 -0.0000 -0.5388
vn 0.5388 -0.0000 -0.8424
vn 0.8424 -0.0000 0.5388
vn -0.5388 -0.0000 0.8424
vn -0.9292 -0.0000 0.3696
vn -0.3696 -0.0000 -0.9292
vn 0.9292 -0.0000 -0.3696
vn 0.3696 -0.0000 0.9292
vn 0.1614 -0.9151 0.3696
vn 0.0642 -0.3639 -0.9292
vn -0.1614 0.9151 -0.3696
vn -0.0642 0.3639 0.9292
vn 0.9848 0.1737 -0.0000
vn -0.9848 -0.1737 -0.0000
vn -0.0592 -0.9273 0.3696
vn -0.0235 -0.3688 -0.9292
vn 0.0592 0.9273 -0.3696
vn 0.0235 0.3688 0.9292
vn 0.9980 -0.0637 -0.0000
vn -0.9980 0.0637 -0.0000
vt 0.375000 0.000000
vt 0.625000 0.000000
vt 0.625000 0.250000
vt 0.375000 0.250000
vt 0.625000 0.500000
vt 0.375000 0.500000
vt 0.625000 0.750000
vt 0.375000 0.750000
vt 0.625000 1.000000
vt 0.375000 1.000000
vt 0.125000 0.500000
vt 0.125000 0.750000
vt 0.875000 0.500000
vt 0.875000 0.750000
vt 0.000000 0.000000
vt 0.100000 0.000000
vt 0.100000 0.100000
vt 0.000000 0.100000
vt 0.200000 0.000000
vt 0.200000 0.100000
vt 0.300000 0.000000
vt 0.300000 0.100000
vt 0.400000 0.000000
vt 0.400000 0.100000
vt 0.500000 0.000000
vt 0.500000 0.100000
vt 0.600000 0.000000
vt 0.600000 0.100000
vt 0.700000 0.000000
vt 0.700000 0.100000
vt 0.800000 0.000000
vt 0.800000 0.100000
vt 0.900000 0.000000
vt 0.900000 0.100000
vt 1.000000 0.000000
vt 1.000000 0.100000
vt 0.100000 0.200000
vt 0.000000 0.200000
vt 0.200000 0.200000
vt 0.300000 0.200000
vt 0.400000 0.200000
vt 0.500000 0.200000
vt 0.600000 0.200000
vt 0.700000 0.200000
vt 0.800000 0.200000
vt 0.900000 0.200000
vt 1.000000 0.200000
vt 0.100000 0.300000
vt 0.000000 0.300000
vt 0.200000 0.300000
vt 0.300000 0.300000
vt 0.400000 0.300000
vt 0.500000 0.300000
vt 0.600000 0.300000
vt 0.700000 0.300000
vt 0.800000 0.300000
vt 0.900000 0.300000
vt 1.000000 0.300000
vt 0.100000 0.400000
vt 0.000000 0.400000
vt 0.200000 0.400000
vt 0.300000 0.400000
vt 0.400000 0.400000
vt 0.500000 0.400000
vt 0.600000 0.400000
vt 0.700000 0.400000
vt 0.800000 0.400000
vt 0.900000 0.400000
vt 1.000000 0.400000
vt 0.100000 0.500000
vt 0.000000 0.500000
vt 0.200000 0.500000
vt 0.300000 0.500000
vt 0.400000 0.500000
vt 0.500000 0.500000
vt 0.600000 0.500000
vt 0.700000 0.500000
vt 0.800000 0.500000
vt 0.900000 0.500000
vt 1.000000 0.500000
vt 0.100000 0.600000
vt 0.000000 0.600000
vt 0.200000 0.600000
vt 0.300000 0.600000
vt 0.400000 0.600000
vt 0.500000 0.600000
vt 0.600000 0.600000
vt 0.700000 0.600000
vt 0.800000 0.600000
vt 0.900000 0.600000
vt 1.000000 0.600000
vt 0.100000 0.700000
vt 0.000000 0.700000
vt 0.200000 0.700000
vt 0.300000 0.700000
vt 0.400000 0.700000
vt 0.500000 0.700000
vt 0.600000 0.700000
vt 0.700000 0.700000
vt 0.800000 0.700000
vt 0.900000 0.700000
vt 1.000000 0.700000
vt 0.100000 0.800000
vt 0.000000 0.800000
vt 0.200000 0.800000
vt 0.300000 0.800000
vt 0.400000 0.800000
vt 0.500000 0.800000
vt 0.600000 0.800000
vt 0.700000 0.800000
vt 0.800000 0.800000
vt 0.900000 0.800000
vt 1.000000 0.800000
vt 0.100000 0.900000
vt 0.000000 0.900000
vt 0.200000 0.900000
vt 0.300000 0.900000
vt 0.400000 0.900000
vt 0.500000 0.900000
vt 0.600000 0.900000
vt 0.700000 0.900000
vt 0.800000 0.900000
vt 0.900000 0.900000
vt 1.000000 0.900000
vt 0.100000 1.000000
vt 0.000000 1.000000
vt 0.200000 1.000000
vt 0.300000 1.000000
vt 0.400000 1.000000
vt 0.500000 1.000000
vt 0.600000 1.000000
vt 0.700000 1.000000
vt 0.800000 1.000000
vt 0.900000 1.000000
vt 1.000000 1.000000
vt 0.700000 0.666667
vt 0.600000 0.666667
vt 0.700000 0.833333
vt 0.600000 0.833333
vt 0.600000 -0.000000
vt 0.700000 -0.000000
vt 0.700000 0.166667
vt 0.600000 0.166667
vt 0.700000 0.333333
vt 0.600000 0.333333
vt 0.800000 0.666667
vt 0.800000 0.833333
vt 0.800000 -0.000000
vt 0.800000 0.166667
vt 0.800000 0.333333
vt 0.900000 0.500000
vt 0.900000 0.666667
vt 0.900000 0.833333
vt 0.900000 1.000000
vt 0.900000 -0.000000
vt 0.900000 0.166667
vt 0.900000 0.333333
vt 1.000000 0.666667
vt 1.000000 0.833333
vt 1.000000 -0.000000
vt 1.000000 0.166667
vt 1.000000 0.333333
vt -0.000000 0.500000
vt 0.100000 0.666667
vt -0.000000 0.666667
vt 0.100000 0.833333
vt -0.000000 0.833333
vt -0.000000 1.000000
vt -0.000000 -0.000000
vt 0.100000 -0.000000
vt 0.100000 0.166667
vt -0.000000 0.166667
vt 0.100000 0.333333
vt -0.000000 0.333333
vt 0.200000 0.666667
vt 0.200000 0.833333
vt 0.200000 -0.000000
vt 0.200000 0.166667
vt 0.200000 0.333333
vt 0.300000 0.666667
vt 0.300000 0.833333
vt 0.300000 -0.000000
vt 0.300000 0.166667
vt 0.300000 0.333333
vt 0.400000 0.666667
vt 0.400000 0.833333
vt 0.400000 -0.000000
vt 0.400000 0.166667
vt 0.400000 0.333333
vt 0.500000 0.666667
vt 0.500000 0.833333
vt 0.500000 -0.000000
vt 0.500000 0.166667
vt 0.500000 0.333333
s 0
f 1/1/1 2/2/1 4/3/1 3/4/1
f 3/4/2 4/3/2 8/5/2 7/6/2
f 7/6/3 8/5/3 6/7/3 5/8/3
f 5/8/4 6/7/4 2/9/4 1/10/4
f 3/11/5 7/6/5 5/8/5 1/12/5
f 8/5/6 4/13/6 2/14/6 6/7/6
f 9/15/7 10/16/7 21/17/7 20/18/7
f 10/16/8 11/19/8 22/20/8 21/17/8
f 11/19/9 12/21/9 23/22/9 22/20/9
f 12/21/10 13/23/10 24/24/10 23/22/10
f 13/23/11 14/25/11 25/26/11 24/24/11
f 14/25/12 15/27/12 26/28/12 25/26/12
f 15/27/13 16/29/13 27/30/13 26/28/13
f 16/29/14 17/31/14 28/32/14 27/30/14
f 17/31/15 18/33/15 29/34/15 28/32/15
f 18/33/16 19/35/16 30/36/16 29/34/16
f 20/18/17 21/17/17 32/37/17 31/38/17
f 21/17/18 22/20/18 33/39/18 32/37/18
f 22/20/19 23/22/19 34/40/19 33/39/19
f 23/22/20 24/24/20 35/41/20 34/40/20
f 24/24/21 25/26/21 36/42/21 35/41/21
f 25/26/22 26/28/22 37/43/22 36/42/22
f 26/28/23 27/30/23 38/44/23 37/43/23
f 27/30/24 28/32/24 39/45/24 38/44/24
f 28/32/25 29/34/25 40/46/25 39/45/25
f 29/34/26 30/36/26 41/47/26 40/46/26
f 31/38/27 32/37/27 43/48/27 42/49/27
f 32/37/28 33/39/28 44/50/28 43/48/28
f 33/39/29 34/40/29 45/51/29 44/50/29
f 34/40/30 35/41/30 46/52/30 45/51/30
f 35/41/31 36/42/31 47/53/31 46/52/31
f 36/42/32 37/43/32 48/54/32 47/53/32
f 37/43/33 38/44/33 49/55/33 48/54/33
f 38/44/34 39/45/34 50/56/34 49/55/34
f 39/45/35 40/46/35 51/57/35 50/56/35
f 40/46/36 41/47/36 52/58/36 51/57/36
f 42/49/37 43/48/37 54/59/37 53/60/37
f 43/48/38 44/50/38 55/61/38 54/59/38
f 44/50/39 45/51/39 56/62/39 55/61/39
f 45/51/40 46/52/40 57/63/40 56/62/40
f 46/52/41 47/53/41 58/64/41 57/63/41
f 47/53/42 48/54/42 59/65/42 58/64/42
f 48/54/43 49/55/43 60/66/43 59/65/43
f 49/55/44 50/56/44 61/67/44 60/66/44
f 50/56/45 51/57/45 62/68/45 61/67/45
f 51/57/46 52/58/46 63/69/46 62/68/46
f 53/60/47 54/59/47 65/70/47 64/71/47
f 54/59/48 55/61/48 66/72/48 65/70/48
f 55/61/49 56/62/49 67/73/49 66/72/49
f 56/62/50 57/63/50 68/74/50 67/73/50
f 57/63/51 58/64/51 69/75/51 68/74/51
f 58/64/52 59/65/52 70/76/52 69/75/52
f 59/65/53 60/66/53 71/77/53 70/76/53
f 60/66/54 61/67/54 72/78/54 71/77/54
f 61/67/55 62/68/55 73/79/55 72/78/55
f 62/68/56 63/69/56 74/80/56 73/79/56
f 64/71/57 65/70/57 76/81/57 75/82/57
f 65/70/58 66/72/58 77/83/58 76/81/58
f 66/72/59 67/73/59 78/84/59 77/83/59
f 67/73/60 68/74/60 79/85/60 78/84/60
f 68/74/61 69/75/61 80/86/61 79/85/61
f 69/75/62 70/76/62 81/87/62 80/86/62
f 70/76/63 71/77/63 82/88/63 81/87/63
f 71/77/64 72/78/64 83/89/64 82/88/64
f 72/78/65 73/79/65 84/90/65 83/89/65
f 73/79/66 74/80/66 85/91/66 84/90/66
f 75/82/67 76/81/67 87/92/67 86/93/67
f 76/81/68 77/83/68 88/94/68 87/92/68
f 77/83/69 78/84/69 89/95/69 88/94/69
f 78/84/70 79/85/70 90/96/70 89/95/70
f 79/85/71 80/86/71 91/97/71 90/96/71
f 80/86/72 81/87/72 92/98/72 91/97/72
f 81/87/73 82/88/73 93/99/73 92/98/73
f 82/88/74 83/89/74 94/100/74 93/99/74
f 83/89/75 84/90/75 95/101/75 94/100/75
f 84/90/76 85/91/76 96/102/76 95/101/76
f 86/93/77 87/92/77 98/103/77 97/104/77
f 87/92/78 88/94/78 99/105/78 98/103/78
f 88/94/79 89/95/79 100/106/79 99/105/79
f 89/95/80 90/96/80 101/107/80 100/106/80
f 90/96/81 91/97/81 102/108/81 101/107/81
f 91/97/82 92/98/82 103/109/82 102/108/82
f 92/98/83 93/99/83 104/110/83 103/109/83
f 93/99/84 94/100/84 105/111/84 104/110/84
f 94/100/85 95/101/85 106/112/85 105/111/85
f 95/101/86 96/102/86 107/113/86 106/112/86
f 97/104/87 98/103/87 109/114/87 108/115/87
f 98/103/88 99/105/88 110/116/88 109/114/88
f 99/105/89 100/106/89 111/117/89 110/116/89
f 100/106/90 101/107/90 112/118/90 111/117/90
f 101/107/91 102/108/91 113/119/91 112/118/91
f 102/108/92 103/109/92 114/120/92 113/119/92
f 103/109/93 104/110/93 115/121/93 114/120/93
f 104/110/94 105/111/94 116/122/94 115/121/94
f 105/111/95 106/112/95 117/123/95 116/122/95
f 106/112/96 107/113/96 118/124/96 117/123/96
f 108/115/97 109/114/97 120/125/97 119/126/97
f 109/114/98 110/116/98 121/127/98 120/125/98
f 110/116/99 111/117/99 122/128/99 121/127/99
f 111/117/100 112/118/100 123/129/100 122/128/100
f 112/118/101 113/119/101 124/130/101 123/129/101
f 113/119/102 114/120/102 125/131/102 124/130/102
f 114/120/103 115/121/103 126/132/103 125/131/103
f 115/121/104 116/122/104 127/133/104 126/132/104
f 116/122/105 117/123/105 128/134/105 127/133/105
f 117/123/106 118/124/106 129/135/106 128/134/106
f 130/76/107 136/77/107 137/136/107 131/137/107
f 131/137/108 137/136/108 138/138/108 132/139/108
f 132/139/109 138/138/109 139/132/109 133/131/109
f 133/140/110 139/141/110 140/142/110 134/143/110
f 134/143/111 140/142/111 141/144/111 135/145/111
f 135/145/112 141/144/112 136/77/112 130/76/112
f 136/77/113 142/78/113 143/146/113 137/136/113
f 137/136/108 143/146/108 144/147/108 138/138/108
f 138/138/114 144/147/114 145/133/114 139/132/114
f 139/141/115 145/148/115 146/149/115 140/142/115
f 140/142/111 146/149/111 147/150/111 141/144/111
f 141/144/116 147/150/116 142/78/116 136/77/116
f 142/78/117 148/151/117 149/152/117 143/146/117
f 143/146/108 149/152/108 150/153/108 144/147/108
f 144/147/118 150/153/118 151/154/118 145/133/118
f 145/148/119 151/155/119 152/156/119 146/149/119
f 146/149/111 152/156/111 153/157/111 147/150/111
f 147/150/120 153/157/120 148/151/120 142/78/120
f 148/151/121 154/80/121 155/158/121 149/152/121
f 149/152/108 155/158/108 156/159/108 150/153/108
f 150/153/122 156/159/122 157/135/122 151/154/122
f 151/155/123 157/160/123 158/161/123 152/156/123
f 152/156/111 158/161/111 159/162/111 153/157/111
f 153/157/124 159/162/124 154/80/124 148/151/124
f 154/163/125 160/70/125 161/164/125 155/165/125
f 155/165/108 161/164/108 162/166/108 156/167/108
f 156/167/126 162/166/126 163/125/126 157/168/126
f 157/169/127 163/170/127 164/171/127 158/172/127
f 158/172/111 164/171/111 165/173/111 159/174/111
f 159/174/128 165/173/128 160/70/128 154/163/128
f 160/70/109 166/72/109 167/175/109 161/164/109
f 161/164/108 167/175/108 168/176/108 162/166/108
f 162/166/107 168/176/107 169/127/107 163/125/107
f 163/170/112 169/177/112 170/178/112 164/171/112
f 164/171/111 170/178/111 171/179/111 165/173/111
f 165/173/110 171/179/110 166/72/110 160/70/110
f 166/72/114 172/73/114 173/180/114 167/175/114
f 167/175/108 173/180/108 174/181/108 168/176/108
f 168/176/113 174/181/113 175/128/113 169/127/113
f 169/177/116 175/182/116 176/183/116 170/178/116
f 170/178/111 176/183/111 177/184/111 171/179/111
f 171/179/115 177/184/115 172/73/115 166/72/115
f 172/73/118 178/74/118 179/185/118 173/180/118
f 173/180/108 179/185/108 180/186/108 174/181/108
f 174/181/117 180/186/117 181/129/117 175/128/117
f 175/182/120 181/187/120 182/188/120 176/183/120
f 176/183/111 182/188/111 183/189/111 177/184/111
f 177/184/119 183/189/119 178/74/119 172/73/119
f 178/74/122 184/75/122 185/190/122 179/185/122
f 179/185/108 185/190/108 186/191/108 180/186/108
f 180/186/121 186/191/121 187/130/121 181/129/121
f 181/187/124 187/192/124 188/193/124 182/188/124
f 182/188/111 188/193/111 189/194/111 183/189/111
f 183/189/123 189/194/123 184/75/123 178/74/123
f 184/75/126 130/76/126 131/137/126 185/190/126
f 185/190/108 131/137/108 132/139/108 186/191/108
f 186/191/125 132/139/125 133/131/125 187/130/125
f 187/192/128 133/140/128 134/143/128 188/193/128
f 188/193/111 134/143/111 135/145/111 189/194/111
f 189/194/127 135/145/127 130/76/127 184/75/127
f 190/76/107 196/77/107 197/136/107 191/137/107
f 191/137/108 197/136/108 198/138/108 192/139/108
f 192/139/109 198/138/109 199/132/109 193/131/109
f 193/140/110 199/141/110 200/142/110 194/143/110
f 194/143/111 200/142/111 201/144/111 195/145/111
f 195/145/112 201/144/112 196/77/112 190/76/112
f 196/77/113 202/78/113 203/146/113 197/136/113
f 197/136/108 203/146/108 204/147/108 198/138/108
f 198/138/114 204/147/114 205/133/114 199/132/114
f 199/141/115 205/148/115 206/149/115 200/142/115
f 200/142/111 206/149/111 207/150/111 201/144/111
f 201/144/116 207/150/116 202/78/116 196/77/116
f 202/78/117 208/151/117 209/152/117 203/146/117
f 203/146/108 209/152/108 210/153/108 204/147/108
f 204/147/118 210/153/118 211/154/118 205/133/118
f 205/148/119 211/155/119 212/156/119 206/149/119
f 206/149/111 212/156/111 213/157/111 207/150/111
f 207/150/120 213/157/120 208/151/120 202/78/120
f 208/151/121 214/80/121 215/158/121 209/152/121
f 209/152/108 215/158/108 216/159/108 210/153/108
f 210/153/122 216/159/122 217/135/122 211/154/122
f 211/155/129 217/160/129 218/161/129 212/156/129
f 212/156/111 218/161/111 219/162/111 213/157/111
f 213/157/124 219/162/124 214/80/124 208/151/124
f 214/163/125 220/70/125 221/164/125 215/165/125
f 215/165/108 221/164/108 222/166/108 216/167/108
f 216/167/126 222/166/126 223/125/126 217/168/126
f 217/169/127 223/170/127 224/171/127 218/172/127
f 218/172/111 224/171/111 225/173/111 219/174/111
f 219/174/128 225/173/128 220/70/128 214/163/128
f 220/70/109 226/72/109 227/175/109 221/164/109
f 221/164/108 227/175/108 228/176/108 222/166/108
f 222/166/107 228/176/107 229/127/107 223/125/107
f 223/170/112 229/177/112 230/178/112 224/171/112
f 224/171/111 230/178/111 231/179/111 225/173/111
f 225/173/110 231/179/110 226/72/110 220/70/110
f 226/72/114 232/73/114 233/180/114 227/175/114
f 227/175/108 233/180/108 234/181/108 228/176/108
f 228/176/113 234/181/113 235/128/113 229/127/113
f 229/177/116 235/182/116 236/183/116 230/178/116
f 230/178/111 236/183/111 237/184/111 231/179/111
f 231/179/115 237/184/115 232/73/115 226/72/115
f 232/73/118 238/74/118 239/185/118 233/180/118
f 233/180/108 239/185/108 240/186/108 234/181/108
f 234/181/117 240/186/117 241/129/117 235/128/117
f 235/182/120 241/187/120 242/188/120 236/183/120
f 236/183/111 242/188/111 243/189/111 237/184/111
f 237/184/119 243/189/119 238/74/119 232/73/119
f 238/74/122 244/75/122 245/190/122 239/185/122
f 239/185/108 245/190/108 246/191/108 240/186/108
f 240/186/121 246/191/121 247/130/121 241/129/121
f 241/187/124 247/192/124 248/193/124 242/188/124
f 242/188/111 248/193/111 249/194/111 243/189/111
f 243/189/129 249/194/129 244/75/129 238/74/129
f 244/75/126 190/76/126 191/137/126 245/190/126
f 245/190/108 191/137/108 192/139/108 246/191/108
f 246/191/125 192/139/125 193/131/125 247/130/125
f 247/192/128 193/140/128 194/143/128 248/193/128
f 248/193/111 194/143/111 195/145/111 249/194/111
f 249/194/127 195/145/127 190/76/127 244/75/127
f 250/76/130 256/77/130 257/136/130 251/137/130
f 251/137/131 257/136/131 258/138/131 252/139/131
f 252/139/132 258/138/132 259/132/132 253/131/132
f 253/140/133 259/141/133 260/142/133 254/143/133
f 254/143/134 260/142/134 261/144/134 255/145/134
f 255/145/135 261/144/135 256/77/135 250/76/135
f 256/77/136 262/78/136 263/146/136 257/136/136
f 257/136/131 263/146/131 264/147/131 258/138/131
f 258/138/137 264/147/137 265/133/137 259/132/137
f 259/141/138 265/148/138 266/149/138 260/142/138
f 260/142/134 266/149/134 267/150/134 261/144/134
f 261/144/139 267/150/139 262/78/139 256/77/139
f 262/78/140 268/151/140 269/152/140 263/146/140
f 263/146/131 269/152/131 270/153/131 264/147/131
f 264/147/141 270/153/141 271/154/141 265/133/141
f 265/148/142 271/155/142 272/156/142 266/149/142
f 266/149/134 272/156/134 273/157/134 267/150/134
f 267/150/143 273/157/143 268/151/143 262/78/143
f 268/151/144 274/80/144 275/158/144 269/152/144
f 269/152/131 275/158/131 276/159/131 270/153/131
f 270/153/145 276/159/145 277/135/145 271/154/145
f 271/155/146 277/160/146 278/161/146 272/156/146
f 272/156/134 278/161/134 279/162/134 273/157/134
f 273/157/147 279/162/147 274/80/147 268/151/147
f 274/163/148 280/70/148 281/164/148 275/165/148
f 275/165/131 281/164/131 282/166/131 276/167/131
f 276/167/149 282/166/149 283/125/149 277/168/149
f 277/169/150 283/170/150 284/171/150 278/172/150
f 278/172/134 284/171/134 285/173/134 279/174/134
f 279/174/151 285/173/151 280/70/151 274/163/151
f 280/70/132 286/72/132 287/175/132 281/164/132
f 281/164/131 287/175/131 288/176/131 282/166/131
f 282/166/130 288/176/130 289/127/130 283/125/130
f 283/170/135 289/177/135 290/178/135 284/171/135
f 284/171/134 290/178/134 291/179/134 285/173/134
f 285/173/133 291/179/133 286/72/133 280/70/133
f 286/72/137 292/73/137 293/180/137 287/175/137
f 287/175/131 293/180/131 294/181/131 288/176/131
f 288/176/136 294/181/136 295/128/136 289/127/136
f 289/177/139 295/182/139 296/183/139 290/178/139
f 290/178/134 296/183/134 297/184/134 291/179/134
f 291/179/138 297/184/138 292/73/138 286/72/138
f 292/73/152 298/74/152 299/185/152 293/180/152
f 293/180/131 299/185/131 300/186/131 294/181/131
f 294/181/153 300/186/153 301/129/153 295/128/153
f 295/182/143 301/187/143 302/188/143 296/183/143
f 296/183/134 302/188/134 303/189/134 297/184/134
f 297/184/142 303/189/142 298/74/142 292/73/142
f 298/74/145 304/75/145 305/190/145 299/185/145
f 299/185/131 305/190/131 306/191/131 300/186/131
f 300/186/144 306/191/144 307/130/144 301/129/144
f 301/187/147 307/192/147 308/193/147 302/188/147
f 302/188/134 308/193/134 309/194/134 303/189/134
f 303/189/146 309/194/146 304/75/146 298/74/146
f 304/75/149 250/76/149 251/137/149 305/190/149
f 305/190/131 251/137/131 252/139/131 306/191/131
f 306/191/148 252/139/148 253/131/148 307/130/148
f 307/192/151 253/140/151 254/143/151 308/193/151
f 308/193/134 254/143/134 255/145/134 309/194/134
f 309/194/150 255/145/150 250/76/150 304/75/150
f 310/76/154 316/77/154 317/136/154 311/137/154
f 311/137/155 317/136/155 318/138/155 312/139/155
f 312/139/156 318/138/156 319/132/156 313/131/156
f 313/140/157 319/141/157 320/142/157 314/143/157
f 314/143/158 320/142/158 321/144/158 315/145/158
f 315/145/159 321/144/159 316/77/159 310/76/159
f 316/77/160 322/78/160 323/146/160 317/136/160
f 317/136/155 323/146/155 324/147/155 318/138/155
f 318/138/161 324/147/161 325/133/161 319/132/161
f 319/141/162 325/148/162 326/149/162 320/142/162
f 320/142/158 326/149/158 327/150/158 321/144/158
f 321/144/163 327/150/163 322/78/163 316/77/163
f 322/78/164 328/151/164 329/152/164 323/146/164
f 323/146/155 329/152/155 330/153/155 324/147/155
f 324/147/165 330/153/165 331/154/165 325/133/165
f 325/148/166 331/155/166 332/156/166 326/149/166
f 326/149/158 332/156/158 333/157/158 327/150/158
f 327/150/167 333/157/167 328/151/167 322/78/167
f 328/151/168 334/80/168 335/158/168 329/152/168
f 329/152/155 335/158/155 336/159/155 330/153/155
f 330/153/169 336/159/169 337/135/169 331/154/169
f 331/155/170 337/160/170 338/161/170 332/156/170
f 332/156/158 338/161/158 339/162/158 333/157/158
f 333/157/171 339/162/171 334/80/171 328/151/171
f 334/163/172 340/70/172 341/164/172 335/165/172
f 335/165/155 341/164/155 342/166/155 336/167/155
f 336/167/173 342/166/173 343/125/173 337/168/173
f 337/169/174 343/170/174 344/171/174 338/172/174
f 338/172/158 344/171/158 345/173/158 339/174/158
f 339/174/175 345/173/175 340/70/175 334/163/175
f 340/70/156 346/72/156 347/175/156 341/164/156
f 341/164/155 347/175/155 348/176/155 342/166/155
f 342/166/176 348/176/176 349/127/176 343/125/176
f 343/170/159 349/177/159 350/178/159 344/171/159
f 344/171/158 350/178/158 351/179/158 345/173/158
f 345/173/157 351/179/157 346/72/157 340/70/157
f 346/72/177 352/73/177 353/180/177 347/175/177
f 347/175/155 353/180/155 354/181/155 348/176/155
f 348/176/160 354/181/160 355/128/160 349/127/160
f 349/177/163 355/182/163 356/183/163 350/178/163
f 350/178/158 356/183/158 357/184/158 351/179/158
f 351/179/162 357/184/162 352/73/162 346/72/162
f 352/73/178 358/74/178 359/185/178 353/180/178
f 353/180/155 359/185/155 360/186/155 354/181/155
f 354/181/164 360/186/164 361/129/164 355/128/164
f 355/182/167 361/187/167 362/188/167 356/183/167
f 356/183/158 362/188/158 363/189/158 357/184/158
f 357/184/166 363/189/166 358/74/166 352/73/166
f 358/74/169 364/75/169 365/190/169 359/185/169
f 359/185/155 365/190/155 366/191/155 360/186/155
f 360/186/168 366/191/168 367/130/168 361/129/168
f 361/187/171 367/192/171 368/193/171 362/188/171
f 362/188/158 368/193/158 369/194/158 363/189/158
f 363/189/170 369/194/170 364/75/170 358/74/170
f 364/75/173 310/76/173 311/137/173 365/190/173
f 365/190/155 311/137/155 312/139/155 366/191/155
f 366/191/172 312/139/172 313/131/172 367/130/172
f 367/192/175 313/140/175 314/143/175 368/193/175
f 368/193/158 314/143/158 315/145/158 369/194/158
f 369/194/174 315/145/174 310/76/174 364/75/174
f 370/76/179 376/77/179 377/136/179 371/137/179
f 371/137/180 377/136/180 378/138/180 372/139/180
f 372/139/181 378/138/181 379/132/181 373/131/181
f 373/140/182 379/141/182 380/142/182 374/143/182
f 374/143/183 380/142/183 381/144/183 375/145/183
f 375/145/184 381/144/184 376/77/184 370/76/184
f 376/77/185 382/78/185 383/146/185 377/136/185
f 377/136/180 383/146/180 384/147/180 378/138/180
f 378/138/186 384/147/186 385/133/186 379/132/186
f 379/141/187 385/148/187 386/149/187 380/142/187
f 380/142/183 386/149/183 387/150/183 381/144/183
f 381/144/188 387/150/188 382/78/188 376/77/188
f 382/78/189 388/151/189 389/152/189 383/146/189
f 383/146/180 389/152/180 390/153/180 384/147/180
f 384/147/190 390/153/190 391/154/190 385/133/190
f 385/148/191 391/155/191 392/156/191 386/149/191
f 386/149/183 392/156/183 393/157/183 387/150/183
f 387/150/192 393/157/192 388/151/192 382/78/192
f 388/151/193 394/80/193 395/158/193 389/152/193
f 389/152/180 395/158/180 396/159/180 390/153/180
f 390/153/194 396/159/194 397/135/194 391/154/194
f 391/155/195 397/160/195 398/161/195 392/156/195
f 392/156/183 398/161/183 399/162/183 393/157/183
f 393/157/196 399/162/196 394/80/196 388/151/196
f 394/163/197 400/70/197 401/164/197 395/165/197
f 395/165/180 401/164/180 402/166/180 396/167/180
f 396/167/198 402/166/198 403/125/198 397/168/198
f 397/169/199 403/170/199 404/171/199 398/172/199
f 398/172/183 404/171/183 405/173/183 399/174/183
f 399/174/200 405/173/200 400/70/200 394/163/200
f 400/70/181 406/72/181 407/175/181 401/164/181
f 401/164/180 407/175/180 408/176/180 402/166/180
f 402/166/179 408/176/179 409/127/179 403/125/179
f 403/170/184 409/177/184 410/178/184 404/171/184
f 404/171/183 410/178/183 411/179/183 405/173/183
f 405/173/182 411/179/182 406/72/182 400/70/182
f 406/72/201 412/73/201 413/180/201 407/175/201
f 407/175/180 413/180/180 414/181/180 408/176/180
f 408/176/202 414/181/202 415/128/202 409/127/202
f 409/177/203 415/182/203 416/183/203 410/178/203
f 410/178/183 416/183/183 417/184/183 411/179/183
f 411/179/187 417/184/187 412/73/187 406/72/187
f 412/73/190 418/74/190 419/185/190 413/180/190
f 413/180/180 419/185/180 420/186/180 414/181/180
f 414/181/189 420/186/189 421/129/189 415/128/189
f 415/182/192 421/187/192 422/188/192 416/183/192
f 416/183/183 422/188/183 423/189/183 417/184/183
f 417/184/191 423/189/191 418/74/191 412/73/191
f 418/74/204 424/75/204 425/190/204 419/185/204
f 419/185/180 425/190/180 426/191/180 420/186/180
f 420/186/205 426/191/205 427/130/205 421/129/205
f 421/187/196 427/192/196 428/193/196 422/188/196
f 422/188/183 428/193/183 429/194/183 423/189/183
f 423/189/206 429/194/206 424/75/206 418/74/206
f 424/75/198 370/76/198 371/137/198 425/190/198
f 425/190/180 371/137/180 372/139/180 426/191/180
f 426/191/197 372/139/197 373/131/197 427/130/197
f 427/192/200 373/140/200 374/143/200 428/193/200
f 428/193/183 374/143/183 375/145/183 429/194/183
f 429/194/199 375/145/199 370/76/199 424/75/199
f 430/76/207 436/77/207 437/136/207 431/137/207
f 431/137/208 437/136/208 438/138/208 432/139/208
f 432/139/209 438/138/209 439/132/209 433/131/209
f 433/140/210 439/141/210 440/142/210 434/143/210
f 434/143/211 440/142/211 441/144/211 435/145/211
f 435/145/212 441/144/212 436/77/212 430/76/212
f 436/77/213 442/78/213 443/146/213 437/136/213
f 437/136/214 443/146/214 444/147/214 438/138/214
f 438/138/215 444/147/215 445/133/215 439/132/215
f 439/141/216 445/148/216 446/149/216 440/142/216
f 440/142/211 446/149/211 447/150/211 441/144/211
f 441/144/217 447/150/217 442/78/217 436/77/217
f 442/78/218 448/151/218 449/152/218 443/146/218
f 443/146/214 449/152/214 450/153/214 444/147/214
f 444/147/219 450/153/219 451/154/219 445/133/219
f 445/148/220 451/155/220 452/156/220 446/149/220
f 446/149/211 452/156/211 453/157/211 447/150/211
f 447/150/221 453/157/221 448/151/221 442/78/221
f 448/151/222 454/80/222 455/158/222 449/152/222
f 449/152/214 455/158/214 456/159/214 450/153/214
f 450/153/223 456/159/223 457/135/223 451/154/223
f 451/155/224 457/160/224 458/161/224 452/156/224
f 452/156/211 458/161/211 459/162/211 453/157/211
f 453/157/225 459/162/225 454/80/225 448/151/225
f 454/163/226 460/70/226 461/164/226 455/165/226
f 455/165/214 461/164/214 462/166/214 456/167/214
f 456/167/227 462/166/227 463/125/227 457/168/227
f 457/169/228 463/170/228 464/171/228 458/172/228
f 458/172/229 464/171/229 465/173/229 459/174/229
f 459/174/230 465/173/230 460/70/230 454/163/230
f 460/70/209 466/72/209 467/175/209 461/164/209
f 461/164/214 467/175/214 468/176/214 462/166/214
f 462/166/207 468/176/207 469/127/207 463/125/207
f 463/170/212 469/177/212 470/178/212 464/171/212
f 464/171/229 470/178/229 471/179/229 465/173/229
f 465/173/210 471/179/210 466/72/210 460/70/210
f 466/72/231 472/73/231 473/180/231 467/175/231
f 467/175/214 473/180/214 474/181/214 468/176/214
f 468/176/232 474/181/232 475/128/232 469/127/232
f 469/177/233 475/182/233 476/183/233 470/178/233
f 470/178/211 476/183/211 477/184/211 471/179/211
f 471/179/234 477/184/234 472/73/234 466/72/234
f 472/73/219 478/74/219 479/185/219 473/180/219
f 473/180/214 479/185/214 480/186/214 474/181/214
f 474/181/235 480/186/235 481/129/235 475/128/235
f 475/182/221 481/187/221 482/188/221 476/183/221
f 476/183/211 482/188/211 483/189/211 477/184/211
f 477/184/220 483/189/220 478/74/220 472/73/220
f 478/74/236 484/75/236 485/190/236 479/185/236
f 479/185/214 485/190/214 486/191/214 480/186/214
f 480/186/237 486/191/237 487/130/237 481/129/237
f 481/187/238 487/192/238 488/193/238 482/188/238
f 482/188/211 488/193/211 489/194/211 483/189/211
f 483/189/224 489/194/224 484/75/224 478/74/224
f 484/75/227 430/76/227 431/137/227 485/190/227
f 485/190/208 431/137/208 432/139/208 486/191/208
f 486/191/226 432/139/226 433/131/226 487/130/226
f 487/192/230 433/140/230 434/143/230 488/193/230
f 488/193/211 434/143/211 435/145/211 489/194/211
f 489/194/228 435/145/228 430/76/228 484/75/228
f 490/76/239 496/77/239 497/136/239 491/137/239
f 491/137/240 497/136/240 498/138/240 492/139/240
f 492/139/241 498/138/241 499/132/241 493/131/241
f 493/140/242 499/141/242 500/142/242 494/143/242
f 494/143/243 500/142/243 501/144/243 495/145/243
f 495/145/244 501/144/244 496/77/244 490/76/244
f 496/77/245 502/78/245 503/146/245 497/136/245
f 497/136/240 503/146/240 504/147/240 498/138/240
f 498/138/246 504/147/246 505/133/246 499/132/246
f 499/141/247 505/148/247 506/149/247 500/142/247
f 500/142/243 506/149/243 507/150/243 501/144/243
f 501/144/248 507/150/248 502/78/248 496/77/248
f 502/78/249 508/151/249 509/152/249 503/146/249
f 503/146/240 509/152/240 510/153/240 504/147/240
f 504/147/250 510/153/250 511/154/250 505/133/250
f 505/148/251 511/155/251 512/156/251 506/149/251
f 506/149/243 512/156/243 513/157/243 507/150/243
f 507/150/252 513/157/252 508/151/252 502/78/252
f 508/151/253 514/80/253 515/158/253 509/152/253
f 509/152/240 515/158/240 516/159/240 510/153/240
f 510/153/254 516/159/254 517/135/254 511/154/254
f 511/155/255 517/160/255 518/161/255 512/156/255
f 512/156/243 518/161/243 519/162/243 513/157/243
f 513/157/256 519/162/256 514/80/256 508/151/256
f 514/163/257 520/70/257 521/164/257 515/165/257
f 515/165/240 521/164/240 522/166/240 516/167/240
f 516/167/258 522/166/258 523/125/258 517/168/258
f 517/169/259 523/170/259 524/171/259 518/172/259
f 518/172/243 524/171/243 525/173/243 519/174/243
f 519/174/260 525/173/260 520/70/260 514/163/260
f 520/70/241 526/72/241 527/175/241 521/164/241
f 521/164/240 527/175/240 528/176/240 522/166/240
f 522/166/239 528/176/239 529/127/239 523/125/239
f 523/170/244 529/177/244 530/178/244 524/171/244
f 524/171/243 530/178/243 531/179/243 525/173/243
f 525/173/242 531/179/242 526/72/242 520/70/242
f 526/72/246 532/73/246 533/180/246 527/175/246
f 527/175/240 533/180/240 534/181/240 528/176/240
f 528/176/245 534/181/245 535/128/245 529/127/245
f 529/177/248 535/182/248 536/183/248 530/178/248
f 530/178/243 536/183/243 537/184/243 531/179/243
f 531/179/247 537/184/247 532/73/247 526/72/247
f 532/73/261 538/74/261 539/185/261 533/180/261
f 533/180/240 539/185/240 540/186/240 534/181/240
f 534/181/249 540/186/249 541/129/249 535/128/249
f 535/182/252 541/187/252 542/188/252 536/183/252
f 536/183/243 542/188/243 543/189/243 537/184/243
f 537/184/262 543/189/262 538/74/262 532/73/262
f 538/74/254 544/75/254 545/190/254 539/185/254
f 539/185/240 545/190/240 546/191/240 540/186/240
f 540/186/253 546/191/253 547/130/253 541/129/253
f 541/187/256 547/192/256 548/193/256 542/188/256
f 542/188/243 548/193/243 549/194/243 543/189/243
f 543/189/255 549/194/255 544/75/255 538/74/255
f 544/75/258 490/76/258 491/137/258 545/190/258
f 545/190/240 491/137/240 492/139/240 546/191/240
f 546/191/257 492/139/257 493/131/257 547/130/257
f 547/192/260 493/140/260 494/143/260 548/193/260
f 548/193/243 494/143/243 495/145/243 549/194/243
f 549/194/259 495/145/259 490/76/259 544/75/259
f 550/76/263 556/77/263 557/136/263 551/137/263
f 551/137/264 557/136/264 558/138/264 552/139/264
f 552/139/265 558/138/265 559/132/265 553/131/265
f 553/140/266 559/141/266 560/142/266 554/143/266
f 554/143/267 560/142/267 561/144/267 555/145/267
f 555/145/268 561/144/268 556/77/268 550/76/268
f 556/77/269 562/78/269 563/146/269 557/136/269
f 557/136/264 563/146/264 564/147/264 558/138/264
f 558/138/270 564/147/270 565/133/270 559/132/270
f 559/141/271 565/148/271 566/149/271 560/142/271
f 560/142/267 566/149/267 567/150/267 561/144/267
f 561/144/272 567/150/272 562/78/272 556/77/272
f 562/78/273 568/151/273 569/152/273 563/146/273
f 563/146/264 569/152/264 570/153/264 564/147/264
f 564/147/274 570/153/274 571/154/274 565/133/274
f 565/148/275 571/155/275 572/156/275 566/149/275
f 566/149/267 572/156/267 573/157/267 567/150/267
f 567/150/276 573/157/276 568/151/276 562/78/276
f 568/151/277 574/80/277 575/158/277 569/152/277
f 569/152/264 575/158/264 576/159/264 570/153/264
f 570/153/278 576/159/278 577/135/278 571/154/278
f 571/155/279 577/160/279 578/161/279 572/156/279
f 572/156/267 578/161/267 579/162/267 573/157/267
f 573/157/280 579/162/280 574/80/280 568/151/280
f 574/163/281 580/70/281 581/164/281 575/165/281
f 575/165/264 581/164/264 582/166/264 576/167/264
f 576/167/282 582/166/282 583/125/282 577/168/282
f 577/169/283 583/170/283 584/171/283 578/172/283
f 578/172/267 584/171/267 585/173/267 579/174/267
f 579/174/284 585/173/284 580/70/284 574/163/284
f 580/70/265 586/72/265 587/175/265 581/164/265
f 581/164/264 587/175/264 588/176/264 582/166/264
f 582/166/263 588/176/263 589/127/263 583/125/263
f 583/170/285 589/177/285 590/178/285 584/171/285
f 584/171/267 590/178/267 591/179/267 585/173/267
f 585/173/266 591/179/266 586/72/266 580/70/266
f 586/72/270 592/73/270 593/180/270 587/175/270
f 587/175/264 593/180/264 594/181/264 588/176/264
f 588/176/269 594/181/269 595/128/269 589/127/269
f 589/177/272 595/182/272 596/183/272 590/178/272
f 590/178/267 596/183/267 597/184/267 591/179/267
f 591/179/271 597/184/271 592/73/271 586/72/271
f 592/73/274 598/74/274 599/185/274 593/180/274
f 593/180/264 599/185/264 600/186/264 594/181/264
f 594/181/273 600/186/273 601/129/273 595/128/273
f 595/182/276 601/187/276 602/188/276 596/183/276
f 596/183/267 602/188/267 603/189/267 597/184/267
f 597/184/275 603/189/275 598/74/275 592/73/275
f 598/74/278 604/75/278 605/190/278 599/185/278
f 599/185/264 605/190/264 606/191/264 600/186/264
f 600/186/286 606/191/286 607/130/286 601/129/286
f 601/187/280 607/192/280 608/193/280 602/188/280
f 602/188/267 608/193/267 609/194/267 603/189/267
f 603/189/279 609/194/279 604/75/279 598/74/279
f 604/75/282 550/76/282 551/137/282 605/190/282
f 605/190/264 551/137/264 552/139/264 606/191/264
f 606/191/281 552/139/281 553/131/281 607/130/281
f 607/192/284 553/140/284 554/143/284 608/193/284
f 608/193/267 554/143/267 555/145/267 609/194/267
f 609/194/287 555/145/287 550/76/287 604/75/287
f 610/76/288 616/77/288 617/136/288 611/137/288
f 611/137/289 617/136/289 618/138/289 612/139/289
f 612/139/290 618/138/290 619/132/290 613/131/290
f 613/140/291 619/141/291 620/142/291 614/143/291
f 614/143/292 620/142/292 621/144/292 615/145/292
f 615/145/293 621/144/293 616/77/293 610/76/293
f 616/77/294 622/78/294 623/146/294 617/136/294
f 617/136/289 623/146/289 624/147/289 618/138/289
f 618/138/295 624/147/295 625/133/295 619/132/295
f 619/141/296 625/148/296 626/149/296 620/142/296
f 620/142/292 626/149/292 627/150/292 621/144/292
f 621/144/297 627/150/297 622/78/297 616/77/297
f 622/78/298 628/151/298 629/152/298 623/146/298
f 623/146/289 629/152/289 630/153/289 624/147/289
f 624/147/299 630/153/299 631/154/299 625/133/299
f 625/148/300 631/155/300 632/156/300 626/149/300
f 626/149/292 632/156/292 633/157/292 627/150/292
f 627/150/301 633/157/301 628/151/301 622/78/301
f 628/151/302 634/80/302 635/158/302 629/152/302
f 629/152/289 635/158/289 636/159/289 630/153/289
f 630/153/303 636/159/303 637/135/303 631/154/303
f 631/155/304 637/160/304 638/161/304 632/156/304
f 632/156/292 638/161/292 639/162/292 633/157/292
f 633/157/305 639/162/305 634/80/305 628/151/305
f 634/163/306 640/70/306 641/164/306 635/165/306
f 635/165/289 641/164/289 642/166/289 636/167/289
f 636/167/307 642/166/307 643/125/307 637/168/307
f 637/169/308 643/170/308 644/171/308 638/172/308
f 638/172/292 644/171/292 645/173/292 639/174/292
f 639/174/309 645/173/309 640/70/309 634/163/309
f 640/70/310 646/72/310 647/175/310 641/164/310
f 641/164/289 647/175/289 648/176/289 642/166/289
f 642/166/288 648/176/288 649/127/288 643/125/288
f 643/170/293 649/177/293 650/178/293 644/171/293
f 644/171/292 650/178/292 651/179/292 645/173/292
f 645/173/311 651/179/311 646/72/311 640/70/311
f 646/72/295 652/73/295 653/180/295 647/175/295
f 647/175/289 653/180/289 654/181/289 648/176/289
f 648/176/294 654/181/294 655/128/294 649/127/294
f 649/177/297 655/182/297 656/183/297 650/178/297
f 650/178/292 656/183/292 657/184/292 651/179/292
f 651/179/296 657/184/296 652/73/296 646/72/296
f 652/73/299 658/74/299 659/185/299 653/180/299
f 653/180/289 659/185/289 660/186/289 654/181/289
f 654/181/298 660/186/298 661/129/298 655/128/298
f 655/182/301 661/187/301 662/188/301 656/183/301
f 656/183/292 662/188/292 663/189/292 657/184/292
f 657/184/300 663/189/300 658/74/300 652/73/300
f 658/74/303 664/75/303 665/190/303 659/185/303
f 659/185/289 665/190/289 666/191/289 660/186/289
f 660/186/302 666/191/302 667/130/302 661/129/302
f 661/187/305 667/192/305 668/193/305 662/188/305
f 662/188/292 668/193/292 669/194/292 663/189/292
f 663/189/304 669/194/304 664/75/304 658/74/304
f 664/75/307 610/76/307 611/137/307 665/190/307
f 665/190/289 611/137/289 612/139/289 666/191/289
f 666/191/306 612/139/306 613/131/306 667/130/306
f 667/192/309 613/140/309 614/143/309 668/193/309
f 668/193/292 614/143/292 615/145/292 669/194/292
f 669/194/312 615/145/312 610/76/312 664/75/312
f 670/76/239 676/77/239 677/136/239 671/137/239
f 671/137/240 677/136/240 678/138/240 672/139/240
f 672/139/241 678/138/241 679/132/241 673/131/241
f 673/140/242 679/141/242 680/142/242 674/143/242
f 674/143/243 680/142/243 681/144/243 675/145/243
f 675/145/244 681/144/244 676/77/244 670/76/244
f 676/77/245 682/78/245 683/146/245 677/136/245
f 677/136/240 683/146/240 684/147/240 678/138/240
f 678/138/246 684/147/246 685/133/246 679/132/246
f 679/141/247 685/148/247 686/149/247 680/142/247
f 680/142/243 686/149/243 687/150/243 681/144/243
f 681/144/248 687/150/248 682/78/248 676/77/248
f 682/78/249 688/151/249 689/152/249 683/146/249
f 683/146/240 689/152/240 690/153/240 684/147/240
f 684/147/261 690/153/261 691/154/261 685/133/261
f 685/148/262 691/155/262 692/156/262 686/149/262
f 686/149/243 692/156/243 693/157/243 687/150/243
f 687/150/252 693/157/252 688/151/252 682/78/252
f 688/151/253 694/80/253 695/158/253 689/152/253
f 689/152/240 695/158/240 696/159/240 690/153/240
f 690/153/254 696/159/254 697/135/254 691/154/254
f 691/155/255 697/160/255 698/161/255 692/156/255
f 692/156/243 698/161/243 699/162/243 693/157/243
f 693/157/256 699/162/256 694/80/256 688/151/256
f 694/163/257 700/70/257 701/164/257 695/165/257
f 695/165/240 701/164/240 702/166/240 696/167/240
f 696/167/258 702/166/258 703/125/258 697/168/258
f 697/169/259 703/170/259 704/171/259 698/172/259
f 698/172/243 704/171/243 705/173/243 699/174/243
f 699/174/260 705/173/260 700/70/260 694/163/260
f 700/70/241 706/72/241 707/175/241 701/164/241
f 701/164/240 707/175/240 708/176/240 702/166/240
f 702/166/239 708/176/239 709/127/239 703/125/239
f 703/170/244 709/177/244 710/178/244 704/171/244
f 704/171/243 710/178/243 711/179/243 705/173/243
f 705/173/242 711/179/242 706/72/242 700/70/242
f 706/72/246 712/73/246 713/180/246 707/175/246
f 707/175/240 713/180/240 714/181/240 708/176/240
f 708/176/245 714/181/245 715/128/245 709/127/245
f 709/177/248 715/182/248 716/183/248 710/178/248
f 710/178/243 716/183/243 717/184/243 711/179/243
f 711/179/247 717/184/247 712/73/247 706/72/247
f 712/73/261 718/74/261 719/185/261 713/180/261
f 713/180/240 719/185/240 720/186/240 714/181/240
f 714/181/249 720/186/249 721/129/249 715/128/249
f 715/182/252 721/187/252 722/188/252 716/183/252
f 716/183/243 722/188/243 723/189/243 717/184/243
f 717/184/262 723/189/262 718/74/262 712/73/262
f 718/74/254 724/75/254 725/190/254 719/185/254
f 719/185/240 725/190/240 726/191/240 720/186/240
f 720/186/253 726/191/253 727/130/253 721/129/253
f 721/187/256 727/192/256 728/193/256 722/188/256
f 722/188/243 728/193/243 729/194/243 723/189/243
f 723/189/255 729/194/255 724/75/255 718/74/255
f 724/75/258 670/76/258 671/137/258 725/190/258
f 725/190/240 671/137/240 672/139/240 726/191/240
f 726/191/257 672/139/257 673/131/257 727/130/257
f 727/192/260 673/140/260 674/143/260 728/193/260
f 728/193/243 674/143/243 675/145/243 729/194/243
f 729/194/259 675/145/259 670/76/259 724/75/259
f 730/76/239 736/77/239 737/136/239 731/137/239
f 731/137/240 737/136/240 738/138/240 732/139/240
f 732/139/241 738/138/241 739/132/241 733/131/241
f 733/140/242 739/141/242 740/142/242 734/143/242
f 734/143/243 740/142/243 741/144/243 735/145/243
f 735/145/244 741/144/244 736/77/244 730/76/244
f 736/77/245 742/78/245 743/146/245 737/136/245
f 737/136/240 743/146/240 744/147/240 738/138/240
f 738/138/246 744/147/246 745/133/246 739/132/246
f 739/141/247 745/148/247 746/149/247 740/142/247
f 740/142/243 746/149/243 747/150/243 741/144/243
f 741/144/248 747/150/248 742/78/248 736/77/248
f 742/78/249 748/151/249 749/152/249 743/146/249
f 743/146/240 749/152/240 750/153/240 744/147/240
f 744/147/261 750/153/261 751/154/261 745/133/261
f 745/148/262 751/155/262 752/156/262 746/149/262
f 746/149/243 752/156/243 753/157/243 747/150/243
f 747/150/252 753/157/252 748/151/252 742/78/252
f 748/151/253 754/80/253 755/158/253 749/152/253
f 749/152/240 755/158/240 756/159/240 750/153/240
f 750/153/254 756/159/254 757/135/254 751/154/254
f 751/155/255 757/160/255 758/161/255 752/156/255
f 752/156/243 758/161/243 759/162/243 753/157/243
f 753/157/256 759/162/256 754/80/256 748/151/256
f 754/163/257 760/70/257 761/164/257 755/165/257
f 755/165/240 761/164/240 762/166/240 756/167/240
f 756/167/258 762/166/258 763/125/258 757/168/258
f 757/169/259 763/170/259 764/171/259 758/172/259
f 758/172/243 764/171/243 765/173/243 759/174/243
f 759/174/260 765/173/260 760/70/260 754/163/260
f 760/70/241 766/72/241 767/175/241 761/164/241
f 761/164/240 767/175/240 768/176/240 762/166/240
f 762/166/239 768/176/239 769/127/239 763/125/239
f 763/170/244 769/177/244 770/178/244 764/171/244
f 764/171/243 770/178/243 771/179/243 765/173/243
f 765/173/242 771/179/242 766/72/242 760/70/242
f 766/72/246 772/73/246 773/180/246 767/175/246
f 767/175/240 773/180/240 774/181/240 768/176/240
f 768/176/245 774/181/245 775/128/245 769/127/245
f 769/177/248 775/182/248 776/183/248 770/178/248
f 770/178/243 776/183/243 777/184/243 771/179/243
f 771/179/247 777/184/247 772/73/247 766/72/247
f 772/73/261 778/74/261 779/185/261 773/180/261
f 773/180/240 779/185/240 780/186/240 774/181/240
f 774/181/249 780/186/249 781/129/249 775/128/249
f 775/182/252 781/187/252 782/188/252 776/183/252
f 776/183/243 782/188/243 783/189/243 777/184/243
f 777/184/262 783/189/262 778/74/262 772/73/262
f 778/74/254 784/75/254 785/190/254 779/185/254
f 779/185/240 785/190/240 786/191/240 780/186/240
f 780/186/253 786/191/253 787/130/253 781/129/253
f 781/187/256 787/192/256 788/193/256 782/188/256
f 782/188/243 788/193/243 789/194/243 783/189/243
f 783/189/255 789/194/255 784/75/255 778/74/255
f 784/75/258 730/76/258 731/137/258 785/190/258
f 785/190/240 731/137/240 732/139/240 786/191/240
f 786/191/257 732/139/257 733/131/257 787/130/257
f 787/192/260 733/140/260 734/143/260 788/193/260
f 788/193/243 734/143/243 735/145/243 789/194/243
f 789/194/259 735/145/259 730/76/259 784/75/259
f 790/76/239 796/77/239 797/136/239 791/137/239
f 791/137/240 797/136/240 798/138/240 792/139/240
f 792/139/241 798/138/241 799/132/241 793/131/241
f 793/140/242 799/141/242 800/142/242 794/143/242
f 794/143/313 800/142/313 801/144/313 795/145/313
f 795/145/244 801/144/244 796/77/244 790/76/244
f 796/77/245 802/78/245 803/146/245 797/136/245
f 797/136/240 803/146/240 804/147/240 798/138/240
f 798/138/246 804/147/246 805/133/246 799/132/246
f 799/141/247 805/148/247 806/149/247 800/142/247
f 800/142/243 806/149/243 807/150/243 801/144/243
f 801/144/248 807/150/248 802/78/248 796/77/248
f 802/78/249 808/151/249 809/152/249 803/146/249
f 803/146/240 809/152/240 810/153/240 804/147/240
f 804/147/261 810/153/261 811/154/261 805/133/261
f 805/148/262 811/155/262 812/156/262 806/149/262
f 806/149/243 812/156/243 813/157/243 807/150/243
f 807/150/314 813/157/314 808/151/314 802/78/314
f 808/151/253 814/80/253 815/158/253 809/152/253
f 809/152/240 815/158/240 816/159/240 810/153/240
f 810/153/254 816/159/254 817/135/254 811/154/254
f 811/155/255 817/160/255 818/161/255 812/156/255
f 812/156/243 818/161/243 819/162/243 813/157/243
f 813/157/256 819/162/256 814/80/256 808/151/256
f 814/163/257 820/70/257 821/164/257 815/165/257
f 815/165/315 821/164/315 822/166/315 816/167/315
f 816/167/258 822/166/258 823/125/258 817/168/258
f 817/169/259 823/170/259 824/171/259 818/172/259
f 818/172/243 824/171/243 825/173/243 819/174/243
f 819/174/260 825/173/260 820/70/260 814/163/260
f 820/70/241 826/72/241 827/175/241 821/164/241
f 821/164/315 827/175/315 828/176/315 822/166/315
f 822/166/239 828/176/239 829/127/239 823/125/239
f 823/170/244 829/177/244 830/178/244 824/171/244
f 824/171/243 830/178/243 831/179/243 825/173/243
f 825/173/242 831/179/242 826/72/242 820/70/242
f 826/72/246 832/73/246 833/180/246 827/175/246
f 827/175/240 833/180/240 834/181/240 828/176/240
f 828/176/245 834/181/245 835/128/245 829/127/245
f 829/177/248 835/182/248 836/183/248 830/178/248
f 830/178/243 836/183/243 837/184/243 831/179/243
f 831/179/247 837/184/247 832/73/247 826/72/247
f 832/73/261 838/74/261 839/185/261 833/180/261
f 833/180/240 839/185/240 840/186/240 834/181/240
f 834/181/249 840/186/249 841/129/249 835/128/249
f 835/182/252 841/187/252 842/188/252 836/183/252
f 836/183/243 842/188/243 843/189/243 837/184/243
f 837/184/262 843/189/262 838/74/262 832/73/262
f 838/74/316 844/75/316 845/190/316 839/185/316
f 839/185/240 845/190/240 846/191/240 840/186/240
f 840/186/253 846/191/253 847/130/253 841/129/253
f 841/187/256 847/192/256 848/193/256 842/188/256
f 842/188/243 848/193/243 849/194/243 843/189/243
f 843/189/255 849/194/255 844/75/255 838/74/255
f 844/75/258 790/76/258 791/137/258 845/190/258
f 845/190/240 791/137/240 792/139/240 846/191/240
f 846/191/257 792/139/257 793/131/257 847/130/257
f 847/192/260 793/140/260 794/143/260 848/193/260
f 848/193/313 794/143/313 795/145/313 849/194/313
f 849/194/259 795/145/259 790/76/259 844/75/259
f 850/76/317 856/77/317 857/136/317 851/137/317
f 851/137/289 857/136/289 858/138/289 852/139/289
f 852/139/310 858/138/310 859/132/310 853/131/310
f 853/140/291 859/141/291 860/142/291 854/143/291
f 854/143/292 860/142/292 861/144/292 855/145/292
f 855/145/318 861/144/318 856/77/318 850/76/318
f 856/77/294 862/78/294 863/146/294 857/136/294
f 857/136/289 863/146/289 864/147/289 858/138/289
f 858/138/295 864/147/295 865/133/295 859/132/295
f 859/141/296 865/148/296 866/149/296 860/142/296
f 860/142/292 866/149/292 867/150/292 861/144/292
f 861/144/297 867/150/297 862/78/297 856/77/297
f 862/78/298 868/151/298 869/152/298 863/146/298
f 863/146/289 869/152/289 870/153/289 864/147/289
f 864/147/319 870/153/319 871/154/319 865/133/319
f 865/148/300 871/155/300 872/156/300 866/149/300
f 866/149/292 872/156/292 873/157/292 867/150/292
f 867/150/320 873/157/320 868/151/320 862/78/320
f 868/151/321 874/80/321 875/158/321 869/152/321
f 869/152/289 875/158/289 876/159/289 870/153/289
f 870/153/303 876/159/303 877/135/303 871/154/303
f 871/155/304 877/160/304 878/161/304 872/156/304
f 872/156/292 878/161/292 879/162/292 873/157/292
f 873/157/305 879/162/305 874/80/305 868/151/305
f 874/163/306 880/70/306 881/164/306 875/165/306
f 875/165/289 881/164/289 882/166/289 876/167/289
f 876/167/307 882/166/307 883/125/307 877/168/307
f 877/169/312 883/170/312 884/171/312 878/172/312
f 878/172/292 884/171/292 885/173/292 879/174/292
f 879/174/309 885/173/309 880/70/309 874/163/309
f 880/70/290 886/72/290 887/175/290 881/164/290
f 881/164/289 887/175/289 888/176/289 882/166/289
f 882/166/317 888/176/317 889/127/317 883/125/317
f 883/170/318 889/177/318 890/178/318 884/171/318
f 884/171/292 890/178/292 891/179/292 885/173/292
f 885/173/311 891/179/311 886/72/311 880/70/311
f 886/72/295 892/73/295 893/180/295 887/175/295
f 887/175/289 893/180/289 894/181/289 888/176/289
f 888/176/294 894/181/294 895/128/294 889/127/294
f 889/177/297 895/182/297 896/183/297 890/178/297
f 890/178/292 896/183/292 897/184/292 891/179/292
f 891/179/296 897/184/296 892/73/296 886/72/296
f 892/73/299 898/74/299 899/185/299 893/180/299
f 893/180/289 899/185/289 900/186/289 894/181/289
f 894/181/298 900/186/298 901/129/298 895/128/298
f 895/182/320 901/187/320 902/188/320 896/183/320
f 896/183/292 902/188/292 903/189/292 897/184/292
f 897/184/300 903/189/300 898/74/300 892/73/300
f 898/74/303 904/75/303 905/190/303 899/185/303
f 899/185/322 905/190/322 906/191/322 900/186/322
f 900/186/302 906/191/302 907/130/302 901/129/302
f 901/187/305 907/192/305 908/193/305 902/188/305
f 902/188/323 908/193/323 909/194/323 903/189/323
f 903/189/324 909/194/324 904/75/324 898/74/324
f 904/75/307 850/76/307 851/137/307 905/190/307
f 905/190/325 851/137/325 852/139/325 906/191/325
f 906/191/306 852/139/306 853/131/306 907/130/306
f 907/192/309 853/140/309 854/143/309 908/193/309
f 908/193/292 854/143/292 855/145/292 909/194/292
f 909/194/312 855/145/312 850/76/312 904/75/312
f 910/76/326 916/77/326 917/136/326 911/137/326
f 911/137/327 917/136/327 918/138/327 912/139/327
f 912/139/328 918/138/328 919/132/328 913/131/328
f 913/140/329 919/141/329 920/142/329 914/143/329
f 914/143/330 920/142/330 921/144/330 915/145/330
f 915/145/331 921/144/331 916/77/331 910/76/331
f 916/77/332 922/78/332 923/146/332 917/136/332
f 917/136/327 923/146/327 924/147/327 918/138/327
f 918/138/333 924/147/333 925/133/333 919/132/333
f 919/141/334 925/148/334 926/149/334 920/142/334
f 920/142/330 926/149/330 927/150/330 921/144/330
f 921/144/335 927/150/335 922/78/335 916/77/335
f 922/78/336 928/151/336 929/152/336 923/146/336
f 923/146/327 929/152/327 930/153/327 924/147/327
f 924/147/337 930/153/337 931/154/337 925/133/337
f 925/148/338 931/155/338 932/156/338 926/149/338
f 926/149/330 932/156/330 933/157/330 927/150/330
f 927/150/339 933/157/339 928/151/339 922/78/339
f 928/151/340 934/80/340 935/158/340 929/152/340
f 929/152/327 935/158/327 936/159/327 930/153/327
f 930/153/341 936/159/341 937/135/341 931/154/341
f 931/155/342 937/160/342 938/161/342 932/156/342
f 932/156/330 938/161/330 939/162/330 933/157/330
f 933/157/343 939/162/343 934/80/343 928/151/343
f 934/163/344 940/70/344 941/164/344 935/165/344
f 935/165/327 941/164/327 942/166/327 936/167/327
f 936/167/345 942/166/345 943/125/345 937/168/345
f 937/169/346 943/170/346 944/171/346 938/172/346
f 938/172/330 944/171/330 945/173/330 939/174/330
f 939/174/347 945/173/347 940/70/347 934/163/347
f 940/70/328 946/72/328 947/175/328 941/164/328
f 941/164/327 947/175/327 948/176/327 942/166/327
f 942/166/326 948/176/326 949/127/326 943/125/326
f 943/170/331 949/177/331 950/178/331 944/171/331
f 944/171/330 950/178/330 951/179/330 945/173/330
f 945/173/329 951/179/329 946/72/329 940/70/329
f 946/72/333 952/73/333 953/180/333 947/175/333
f 947/175/327 953/180/327 954/181/327 948/176/327
f 948/176/332 954/181/332 955/128/332 949/127/332
f 949/177/348 955/182/348 956/183/348 950/178/348
f 950/178/330 956/183/330 957/184/330 951/179/330
f 951/179/334 957/184/334 952/73/334 946/72/334
f 952/73/337 958/74/337 959/185/337 953/180/337
f 953/180/327 959/185/327 960/186/327 954/181/327
f 954/181/336 960/186/336 961/129/336 955/128/336
f 955/182/349 961/187/349 962/188/349 956/183/349
f 956/183/330 962/188/330 963/189/330 957/184/330
f 957/184/338 963/189/338 958/74/338 952/73/338
f 958/74/341 964/75/341 965/190/341 959/185/341
f 959/185/327 965/190/327 966/191/327 960/186/327
f 960/186/340 966/191/340 967/130/340 961/129/340
f 961/187/343 967/192/343 968/193/343 962/188/343
f 962/188/330 968/193/330 969/194/330 963/189/330
f 963/189/342 969/194/342 964/75/342 958/74/342
f 964/75/345 910/76/345 911/137/345 965/190/345
f 965/190/327 911/137/327 912/139/327 966/191/327
f 966/191/350 912/139/350 913/131/350 967/130/350
f 967/192/347 913/140/347 914/143/347 968/193/347
f 968/193/330 914/143/330 915/145/330 969/194/330
f 969/194/346 915/145/346 910/76/346 964/75/346
f 970/76/351 976/77/351 977/136/351 971/137/351
f 971/137/352 977/136/352 978/138/352 972/139/352
f 972/139/353 978/138/353 979/132/353 973/131/353
f 973/140/354 979/141/354 980/142/354 974/143/354
f 974/143/355 980/142/355 981/144/355 975/145/355
f 975/145/356 981/144/356 976/77/356 970/76/356
f 976/77/357 982/78/357 983/146/357 977/136/357
f 977/136/352 983/146/352 984/147/352 978/138/352
f 978/138/358 984/147/358 985/133/358 979/132/358
f 979/141/359 985/148/359 986/149/359 980/142/359
f 980/142/355 986/149/355 987/150/355 981/144/355
f 981/144/360 987/150/360 982/78/360 976/77/360
f 982/78/361 988/151/361 989/152/361 983/146/361
f 983/146/352 989/152/352 990/153/352 984/147/352
f 984/147/362 990/153/362 991/154/362 985/133/362
f 985/148/363 991/155/363 992/156/363 986/149/363
f 986/149/355 992/156/355 993/157/355 987/150/355
f 987/150/364 993/157/364 988/151/364 982/78/364
f 988/151/365 994/80/365 995/158/365 989/152/365
f 989/152/352 995/158/352 996/159/352 990/153/352
f 990/153/366 996/159/366 997/135/366 991/154/366
f 991/155/367 997/160/367 998/161/367 992/156/367
f 992/156/355 998/161/355 999/162/355 993/157/355
f 993/157/368 999/162/368 994/80/368 988/151/368
f 994/163/369 1000/70/369 1001/164/369 995/165/369
f 995/165/352 1001/164/352 1002/166/352 996/167/352
f 996/167/370 1002/166/370 1003/125/370 997/168/370
f 997/169/371 1003/170/371 1004/171/371 998/172/371
f 998/172/355 1004/171/355 1005/173/355 999/174/355
f 999/174/372 1005/173/372 1000/70/372 994/163/372
f 1000/70/353 1006/72/353 1007/175/353 1001/164/353
f 1001/164/352 1007/175/352 1008/176/352 1002/166/352
f 1002/166/351 1008/176/351 1009/127/351 1003/125/351
f 1003/170/356 1009/177/356 1010/178/356 1004/171/356
f 1004/171/355 1010/178/355 1011/179/355 1005/173/355
f 1005/173/354 1011/179/354 1006/72/354 1000/70/354
f 1006/72/358 1012/73/358 1013/180/358 1007/175/358
f 1007/175/352 1013/180/352 1014/181/352 1008/176/352
f 1008/176/373 1014/181/373 1015/128/373 1009/127/373
f 1009/177/360 1015/182/360 1016/183/360 1010/178/360
f 1010/178/355 1016/183/355 1017/184/355 1011/179/355
f 1011/179/374 1017/184/374 1012/73/374 1006/72/374
f 1012/73/375 1018/74/375 1019/185/375 1013/180/375
f 1013/180/352 1019/185/352 1020/186/352 1014/181/352
f 1014/181/361 1020/186/361 1021/129/361 1015/128/361
f 1015/182/376 1021/187/376 1022/188/376 1016/183/376
f 1016/183/355 1022/188/355 1023/189/355 1017/184/355
f 1017/184/363 1023/189/363 1018/74/363 1012/73/363
f 1018/74/377 1024/75/377 1025/190/377 1019/185/377
f 1019/185/352 1025/190/352 1026/191/352 1020/186/352
f 1020/186/365 1026/191/365 1027/130/365 1021/129/365
f 1021/187/368 1027/192/368 1028/193/368 1022/188/368
f 1022/188/355 1028/193/355 1029/194/355 1023/189/355
f 1023/189/367 1029/194/367 1024/75/367 1018/74/367
f 1024/75/378 970/76/378 971/137/378 1025/190/378
f 1025/190/352 971/137/352 972/139/352 1026/191/352
f 1026/191/379 972/139/379 973/131/379 1027/130/379
f 1027/192/372 973/140/372 974/143/372 1028/193/372
f 1028/193/355 974/143/355 975/145/355 1029/194/355
f 1029/194/380 975/145/380 970/76/380 1024/75/380
f 1030/76/381 1036/77/381 1037/136/381 1031/137/381
f 1031/137/382 1037/136/382 1038/138/382 1032/139/382
f 1032/139/383 1038/138/383 1039/132/383 1033/131/383
f 1033/140/384 1039/141/384 1040/142/384 1034/143/384
f 1034/143/385 1040/142/385 1041/144/385 1035/145/385
f 1035/145/386 1041/144/386 1036/77/386 1030/76/386
f 1036/77/387 1042/78/387 1043/146/387 1037/136/387
f 1037/136/382 1043/146/382 1044/147/382 1038/138/382
f 1038/138/388 1044/147/388 1045/133/388 1039/132/388
f 1039/141/389 1045/148/389 1046/149/389 1040/142/389
f 1040/142/385 1046/149/385 1047/150/385 1041/144/385
f 1041/144/390 1047/150/390 1042/78/390 1036/77/390
f 1042/78/391 1048/151/391 1049/152/391 1043/146/391
f 1043/146/382 1049/152/382 1050/153/382 1044/147/382
f 1044/147/392 1050/153/392 1051/154/392 1045/133/392
f 1045/148/393 1051/155/393 1052/156/393 1046/149/393
f 1046/149/385 1052/156/385 1053/157/385 1047/150/385
f 1047/150/394 1053/157/394 1048/151/394 1042/78/394
f 1048/151/395 1054/80/395 1055/158/395 1049/152/395
f 1049/152/382 1055/158/382 1056/159/382 1050/153/382
f 1050/153/396 1056/159/396 1057/135/396 1051/154/396
f 1051/155/397 1057/160/397 1058/161/397 1052/156/397
f 1052/156/385 1058/161/385 1059/162/385 1053/157/385
f 1053/157/398 1059/162/398 1054/80/398 1048/151/398
f 1054/163/399 1060/70/399 1061/164/399 1055/165/399
f 1055/165/382 1061/164/382 1062/166/382 1056/167/382
f 1056/167/400 1062/166/400 1063/125/400 1057/168/400
f 1057/169/401 1063/170/401 1064/171/401 1058/172/401
f 1058/172/385 1064/171/385 1065/173/385 1059/174/385
f 1059/174/402 1065/173/402 1060/70/402 1054/163/402
f 1060/70/383 1066/72/383 1067/175/383 1061/164/383
f 1061/164/382 1067/175/382 1068/176/382 1062/166/382
f 1062/166/381 1068/176/381 1069/127/381 1063/125/381
f 1063/170/386 1069/177/386 1070/178/386 1064/171/386
f 1064/171/385 1070/178/385 1071/179/385 1065/173/385
f 1065/173/384 1071/179/384 1066/72/384 1060/70/384
f 1066/72/388 1072/73/388 1073/180/388 1067/175/388
f 1067/175/382 1073/180/382 1074/181/382 1068/176/382
f 1068/176/387 1074/181/387 1075/128/387 1069/127/387
f 1069/177/390 1075/182/390 1076/183/390 1070/178/390
f 1070/178/385 1076/183/385 1077/184/385 1071/179/385
f 1071/179/403 1077/184/403 1072/73/403 1066/72/403
f 1072/73/392 1078/74/392 1079/185/392 1073/180/392
f 1073/180/382 1079/185/382 1080/186/382 1074/181/382
f 1074/181/391 1080/186/391 1081/129/391 1075/128/391
f 1075/182/404 1081/187/404 1082/188/404 1076/183/404
f 1076/183/385 1082/188/385 1083/189/385 1077/184/385
f 1077/184/393 1083/189/393 1078/74/393 1072/73/393
f 1078/74/405 1084/75/405 1085/190/405 1079/185/405
f 1079/185/382 1085/190/382 1086/191/382 1080/186/382
f 1080/186/406 1086/191/406 1087/130/406 1081/129/406
f 1081/187/407 1087/192/407 1088/193/407 1082/188/407
f 1082/188/385 1088/193/385 1089/194/385 1083/189/385
f 1083/189/408 1089/194/408 1084/75/408 1078/74/408
f 1084/75/400 1030/76/400 1031/137/400 1085/190/400
f 1085/190/382 1031/137/382 1032/139/382 1086/191/382
f 1086/191/399 1032/139/399 1033/131/399 1087/130/399
f 1087/192/402 1033/140/402 1034/143/402 1088/193/402
f 1088/193/385 1034/143/385 1035/145/385 1089/194/385
f 1089/194/401 1035/145/401 1030/76/401 1084/75/401
f 1090/76/409 1096/77/409 1097/136/409 1091/137/409
f 1091/137/410 1097/136/410 1098/138/410 1092/139/410
f 1092/139/411 1098/138/411 1099/132/411 1093/131/411
f 1093/140/412 1099/141/412 1100/142/412 1094/143/412
f 1094/143/413 1100/142/413 1101/144/413 1095/145/413
f 1095/145/414 1101/144/414 1096/77/414 1090/76/414
f 1096/77/415 1102/78/415 1103/146/415 1097/136/415
f 1097/136/410 1103/146/410 1104/147/410 1098/138/410
f 1098/138/416 1104/147/416 1105/133/416 1099/132/416
f 1099/141/417 1105/148/417 1106/149/417 1100/142/417
f 1100/142/413 1106/149/413 1107/150/413 1101/144/413
f 1101/144/418 1107/150/418 1102/78/418 1096/77/418
f 1102/78/419 1108/151/419 1109/152/419 1103/146/419
f 1103/146/410 1109/152/410 1110/153/410 1104/147/410
f 1104/147/420 1110/153/420 1111/154/420 1105/133/420
f 1105/148/421 1111/155/421 1112/156/421 1106/149/421
f 1106/149/413 1112/156/413 1113/157/413 1107/150/413
f 1107/150/422 1113/157/422 1108/151/422 1102/78/422
f 1108/151/423 1114/80/423 1115/158/423 1109/152/423
f 1109/152/410 1115/158/410 1116/159/410 1110/153/410
f 1110/153/424 1116/159/424 1117/135/424 1111/154/424
f 1111/155/425 1117/160/425 1118/161/425 1112/156/425
f 1112/156/413 1118/161/413 1119/162/413 1113/157/413
f 1113/157/426 1119/162/426 1114/80/426 1108/151/426
f 1114/163/427 1120/70/427 1121/164/427 1115/165/427
f 1115/165/410 1121/164/410 1122/166/410 1116/167/410
f 1116/167/428 1122/166/428 1123/125/428 1117/168/428
f 1117/169/429 1123/170/429 1124/171/429 1118/172/429
f 1118/172/413 1124/171/413 1125/173/413 1119/174/413
f 1119/174/430 1125/173/430 1120/70/430 1114/163/430
f 1120/70/431 1126/72/431 1127/175/431 1121/164/431
f 1121/164/410 1127/175/410 1128/176/410 1122/166/410
f 1122/166/409 1128/176/409 1129/127/409 1123/125/409
f 1123/170/414 1129/177/414 1130/178/414 1124/171/414
f 1124/171/413 1130/178/413 1131/179/413 1125/173/413
f 1125/173/412 1131/179/412 1126/72/412 1120/70/412
f 1126/72/416 1132/73/416 1133/180/416 1127/175/416
f 1127/175/410 1133/180/410 1134/181/410 1128/176/410
f 1128/176/415 1134/181/415 1135/128/415 1129/127/415
f 1129/177/418 1135/182/418 1136/183/418 1130/178/418
f 1130/178/413 1136/183/413 1137/184/413 1131/179/413
f 1131/179/417 1137/184/417 1132/73/417 1126/72/417
f 1132/73/420 1138/74/420 1139/185/420 1133/180/420
f 1133/180/410 1139/185/410 1140/186/410 1134/181/410
f 1134/181/419 1140/186/419 1141/129/419 1135/128/419
f 1135/182/422 1141/187/422 1142/188/422 1136/183/422
f 1136/183/413 1142/188/413 1143/189/413 1137/184/413
f 1137/184/421 1143/189/421 1138/74/421 1132/73/421
f 1138/74/424 1144/75/424 1145/190/424 1139/185/424
f 1139/185/410 1145/190/410 1146/191/410 1140/186/410
f 1140/186/423 1146/191/423 1147/130/423 1141/129/423
f 1141/187/426 1147/192/426 1148/193/426 1142/188/426
f 1142/188/413 1148/193/413 1149/194/413 1143/189/413
f 1143/189/425 1149/194/425 1144/75/425 1138/74/425
f 1144/75/428 1090/76/428 1091/137/428 1145/190/428
f 1145/190/410 1091/137/410 1092/139/410 1146/191/410
f 1146/191/427 1092/139/427 1093/131/427 1147/130/427
f 1147/192/430 1093/140/430 1094/143/430 1148/193/430
f 1148/193/413 1094/143/413 1095/145/413 1149/194/413
f 1149/194/429 1095/145/429 1090/76/429 1144/75/429
f 1150/1/432 1151/2/432 1153/3/432 1152/4/432
f 1152/4/433 1153/3/433 1157/5/433 1156/6/433
f 1156/6/434 1157/5/434 1155/7/434 1154/8/434
f 1154/8/435 1155/7/435 1151/9/435 1150/10/435
f 1152/11/4 1156/6/4 1154/8/4 1150/12/4
f 1157/5/2 1153/13/2 1151/14/2 1155/7/2
f 1158/1/436 1159/2/436 1161/3/436 1160/4/436
f 1160/4/437 1161/3/437 1165/5/437 1164/6/437
f 1164/6/438 1165/5/438 1163/7/438 1162/8/438
f 1162/8/439 1163/7/439 1159/9/439 1158/10/439
f 1160/11/4 1164/6/4 1162/8/4 1158/12/4
f 1165/5/2 1161/13/2 1159/14/2 1163/7/2
f 1166/1/440 1167/2/440 1169/3/440 1168/4/440
f 1168/4/441 1169/3/441 1173/5/441 1172/6/441
f 1172/6/442 1173/5/442 1171/7/442 1170/8/442
f 1170/8/443 1171/7/443 1167/9/443 1166/10/443
f 1168/11/4 1172/6/4 1170/8/4 1166/12/4
f 1173/5/2 1169/13/2 1167/14/2 1171/7/2
f 1174/1/444 1175/2/444 1177/3/444 1176/4/444
f 1176/4/445 1177/3/445 1181/5/445 1180/6/445
f 1180/6/446 1181/5/446 1179/7/446 1178/8/446
f 1178/8/447 1179/7/447 1175/9/447 1174/10/447
f 1176/11/4 1180/6/4 1178/8/4 1174/12/4
f 1181/5/2 1177/13/2 1175/14/2 1179/7/2
f 1182/1/448 1183/2/448 1185/3/448 1184/4/448
f 1184/4/449 1185/3/449 1189/5/449 1188/6/449
f 1188/6/450 1189/5/450 1187/7/450 1186/8/450
f 1186/8/451 1187/7/451 1183/9/451 1182/10/451
f 1184/11/4 1188/6/4 1186/8/4 1182/12/4
f 1189/5/2 1185/13/2 1183/14/2 1187/7/2
f 1190/1/452 1191/2/452 1193/3/452 1192/4/452
f 1192/4/453 1193/3/453 1197/5/453 1196/6/453
f 1196/6/454 1197/5/454 1195/7/454 1194/8/454
f 1194/8/455 1195/7/455 1191/9/455 1190/10/455
f 1192/11/4 1196/6/4 1194/8/4 1190/12/4
f 1197/5/2 1193/13/2 1191/14/2 1195/7/2
f 1198/1/456 1199/2/456 1201/3/456 1200/4/456
f 1200/4/457 1201/3/457 1205/5/457 1204/6/457
f 1204/6/458 1205/5/458 1203/7/458 1202/8/458
f 1202/8/459 1203/7/459 1199/9/459 1198/10/459
f 1200/11/4 1204/6/4 1202/8/4 1198/12/4
f 1205/5/2 1201/13/2 1199/14/2 1203/7/2
f 1206/1/456 1207/2/456 1209/3/456 1208/4/456
f 1208/4/457 1209/3/457 1213/5/457 1212/6/457
f 1212/6/458 1213/5/458 1211/7/458 1210/8/458
f 1210/8/459 1211/7/459 1207/9/459 1206/10/459
f 1208/11/4 1212/6/4 1210/8/4 1206/12/4
f 1213/5/2 1209/13/2 1207/14/2 1211/7/2
f 1214/1/456 1215/2/456 1217/3/456 1216/4/456
f 1216/4/457 1217/3/457 1221/5/457 1220/6/457
f 1220/6/458 1221/5/458 1219/7/458 1218/8/458
f 1218/8/459 1219/7/459 1215/9/459 1214/10/459
f 1216/11/4 1220/6/4 1218/8/4 1214/12/4
f 1221/5/2 1217/13/2 1215/14/2 1219/7/2
f 1222/1/456 1223/2/456 1225/3/456 1224/4/456
f 1224/4/457 1225/3/457 1229/5/457 1228/6/457
f 1228/6/458 1229/5/458 1227/7/458 1226/8/458
f 1226/8/459 1227/7/459 1223/9/459 1222/10/459
f 1224/11/4 1228/6/4 1226/8/4 1222/12/4
f 1229/5/2 1225/13/2 1223/14/2 1227/7/2
f 1230/1/460 1231/2/460 1233/3/460 1232/4/460
f 1232/4/461 1233/3/461 1237/5/461 1236/6/461
f 1236/6/462 1237/5/462 1235/7/462 1234/8/462
f 1234/8/463 1235/7/463 1231/9/463 1230/10/463
f 1232/11/464 1236/6/464 1234/8/464 1230/12/464
f 1237/5/465 1233/13/465 1231/14/465 1235/7/465
f 1238/1/466 1239/2/466 1241/3/466 1240/4/466
f 1240/4/467 1241/3/467 1245/5/467 1244/6/467
f 1244/6/468 1245/5/468 1243/7/468 1242/8/468
f 1242/8/469 1243/7/469 1239/9/469 1238/10/469
f 1240/11/470 1244/6/470 1242/8/470 1238/12/470
f 1245/5/471 1241/13/471 1239/14/471 1243/7/471
f 1246/1/1 1247/2/1 1249/3/1 1248/4/1
f 1248/4/5 1249/3/5 1253/5/5 1252/6/5
f 1252/6/3 1253/5/3 1251/7/3 1250/8/3
f 1250/8/6 1251/7/6 1247/9/6 1246/10/6
f 1248/11/4 1252/6/4 1250/8/4 1246/12/4
f 1253/5/2 1249/13/2 1247/14/2 1251/7/2
f 1254/1/1 1255/2/1 1257/3/1 1256/4/1
f 1256/4/5 1257/3/5 1261/5/5 1260/6/5
f 1260/6/3 1261/5/3 1259/7/3 1258/8/3
f 1258/8/6 1259/7/6 1255/9/6 1254/10/6
f 1256/11/4 1260/6/4 1258/8/4 1254/12/4
f 1261/5/2 1257/13/2 1255/14/2 1259/7/2
